<?xml version = '1.0' encoding = 'UTF-8'?>
<Table class="oracle.dbtools.crest.model.design.relational.Table" directorySegmentName="seg_0" id="101FE655-28D6-4BAC-3916-029D77E4AB08" name="CATALOGUE">
<createdBy>thear</createdBy>
<createdTime>2024-09-18 02:55:11 UTC</createdTime>
<generatorID>1F15140B-8054-3A1D-51DE-F559336F14EE</generatorID>
<ownerDesignName>rcl_logical</ownerDesignName>
<allowColumnReorder>false</allowColumnReorder>
<existDependencyGenerateInDDl>true</existDependencyGenerateInDDl>
<parsed>true</parsed>
<columns itemClass="oracle.dbtools.crest.model.design.relational.Column">
<Column name="ctlg_call_no" id="C104EC0C-0C1C-A075-4B94-584EBD960931">
<createdBy>thear</createdBy>
<createdTime>2024-09-18 02:55:11 UTC</createdTime>
<commentInRDBMS><![CDATA[catalogue call number]]></commentInRDBMS>
<generatorID>2E385792-1B53-98D6-1DD4-A094DB5F8211</generatorID>
<ownerDesignName>rcl_logical</ownerDesignName>
<useDomainConstraints>false</useDomainConstraints>
<use>1</use>
<logicalDatatype>LOGDT024</logicalDatatype>
<dataTypeSize>30</dataTypeSize>
<ownDataTypeParameters>30,,</ownDataTypeParameters>
<autoIncrementCycle>false</autoIncrementCycle>
</Column>
<Column name="ctlg_title" id="422CF91E-2D6D-3831-CED1-8DE01247D1AA">
<createdBy>thear</createdBy>
<createdTime>2024-09-18 02:55:11 UTC</createdTime>
<commentInRDBMS><![CDATA[catalogue title]]></commentInRDBMS>
<generatorID>9866247D-1D7B-7C09-34B0-303855363C7B</generatorID>
<ownerDesignName>rcl_logical</ownerDesignName>
<useDomainConstraints>false</useDomainConstraints>
<use>1</use>
<logicalDatatype>LOGDT024</logicalDatatype>
<dataTypeSize>30</dataTypeSize>
<ownDataTypeParameters>30,,</ownDataTypeParameters>
<autoIncrementCycle>false</autoIncrementCycle>
</Column>
<Column name="ctlg_description" id="E0A6EAFD-6C08-1C9E-1531-FFE2A3EAC6EC">
<createdBy>thear</createdBy>
<createdTime>2024-09-18 02:55:11 UTC</createdTime>
<commentInRDBMS><![CDATA[catalogue description]]></commentInRDBMS>
<generatorID>AC13FE18-EE29-96C5-FEDF-6F789592CF81</generatorID>
<ownerDesignName>rcl_logical</ownerDesignName>
<useDomainConstraints>false</useDomainConstraints>
<use>1</use>
<logicalDatatype>LOGDT024</logicalDatatype>
<dataTypeSize>200</dataTypeSize>
<ownDataTypeParameters>200,,</ownDataTypeParameters>
<autoIncrementCycle>false</autoIncrementCycle>
</Column>
<Column name="ctlg_publication_year" id="324FBB68-651B-868B-6A46-765A1AACCD15">
<createdBy>thear</createdBy>
<createdTime>2024-09-18 02:55:11 UTC</createdTime>
<commentInRDBMS><![CDATA[catalogue published year]]></commentInRDBMS>
<generatorID>B95C30B2-304C-8119-3BD5-5143CDA00EEF</generatorID>
<ownerDesignName>rcl_logical</ownerDesignName>
<useDomainConstraints>false</useDomainConstraints>
<use>1</use>
<logicalDatatype>LOGDT007</logicalDatatype>
<ownDataTypeParameters>,,</ownDataTypeParameters>
<autoIncrementCycle>false</autoIncrementCycle>
</Column>
<Column name="ctlg_classificatioon" id="7AAAF5AC-93C2-3BBB-F595-74023083CBAD">
<createdBy>thear</createdBy>
<createdTime>2024-09-18 02:55:11 UTC</createdTime>
<commentInRDBMS><![CDATA[catalogue's classification,R for reference and F for Fiction]]></commentInRDBMS>
<generatorID>600E9390-38E3-AEA6-7E2C-05F3DDFB6E74</generatorID>
<ownerDesignName>rcl_logical</ownerDesignName>
<constraintName>chk_classification</constraintName>
<useDomainConstraints>false</useDomainConstraints>
<use>1</use>
<logicalDatatype>LOGDT025</logicalDatatype>
<dataTypeSize>1</dataTypeSize>
<listOfValues>
<valueDef value="F" description="Fiction"/>
<valueDef value="R" description="reference"/>
</listOfValues>
<ownDataTypeParameters>1,,</ownDataTypeParameters>
<autoIncrementCycle>false</autoIncrementCycle>
</Column>
<Column name="ctlg_no_of_pages" id="DF376F8C-39FD-32FA-D420-5A8451BAA9BB">
<createdBy>thear</createdBy>
<createdTime>2024-09-18 02:55:11 UTC</createdTime>
<commentInRDBMS><![CDATA[the number of pages of the catalogue]]></commentInRDBMS>
<generatorID>F92EA122-9889-22A9-0586-4CEC060DFA01</generatorID>
<ownerDesignName>rcl_logical</ownerDesignName>
<useDomainConstraints>false</useDomainConstraints>
<use>1</use>
<logicalDatatype>LOGDT019</logicalDatatype>
<dataTypePrecision>4</dataTypePrecision>
<ownDataTypeParameters>,4,</ownDataTypeParameters>
<autoIncrementCycle>false</autoIncrementCycle>
</Column>
<Column name="ctlg_reading_level" id="93A70270-B2BA-A0EE-618B-41DF4072AB3E">
<createdBy>thear</createdBy>
<createdTime>2024-09-18 02:55:11 UTC</createdTime>
<commentInRDBMS><![CDATA[catalogue reading level]]></commentInRDBMS>
<generatorID>352AFA8B-AB18-9E8D-ADA9-8DD9279E8239</generatorID>
<ownerDesignName>rcl_logical</ownerDesignName>
<nullsAllowed>true</nullsAllowed>
<useDomainConstraints>false</useDomainConstraints>
<use>1</use>
<logicalDatatype>LOGDT019</logicalDatatype>
<dataTypePrecision>2</dataTypePrecision>
<ownDataTypeParameters>,2,</ownDataTypeParameters>
<autoIncrementCycle>false</autoIncrementCycle>
<listOfRanges>
<rangeDef class="oracle.dbtools.crest.model.design.constraint.AVT">
<beginValue>1</beginValue>
<endValue>30</endValue>
<description>Reading level for catalogue classifiication</description>
</rangeDef>
</listOfRanges>
</Column>
<Column name="ctlg_edition" id="7399195C-69CE-45D9-6E85-F6E0DF056FDB">
<createdBy>thear</createdBy>
<createdTime>2024-09-18 02:55:11 UTC</createdTime>
<commentInRDBMS><![CDATA[edition of the book in catalogue]]></commentInRDBMS>
<generatorID>6C411078-39A7-B8D5-E36D-AFA1A9352E8A</generatorID>
<ownerDesignName>rcl_logical</ownerDesignName>
<nullsAllowed>true</nullsAllowed>
<useDomainConstraints>false</useDomainConstraints>
<use>1</use>
<logicalDatatype>LOGDT024</logicalDatatype>
<dataTypeSize>30</dataTypeSize>
<ownDataTypeParameters>30,,</ownDataTypeParameters>
<autoIncrementCycle>false</autoIncrementCycle>
</Column>
<Column name="ctlg_lang" id="1C9A2750-CAA5-E72F-C6A4-9D91A4A4F779">
<createdBy>thear</createdBy>
<createdTime>2024-09-18 02:55:11 UTC</createdTime>
<commentInRDBMS><![CDATA[language of the catalogue]]></commentInRDBMS>
<generatorID>4792BD70-A142-7C33-F6B5-F9E99FA0E0A6</generatorID>
<ownerDesignName>rcl_logical</ownerDesignName>
<useDomainConstraints>false</useDomainConstraints>
<use>1</use>
<logicalDatatype>LOGDT024</logicalDatatype>
<dataTypeSize>20</dataTypeSize>
<ownDataTypeParameters>20,,</ownDataTypeParameters>
<autoIncrementCycle>false</autoIncrementCycle>
</Column>
<Column name="ctlg_note" id="04A014DC-E7C7-8FBA-574E-04919CB3A41D">
<createdBy>thear</createdBy>
<createdTime>2024-09-18 02:55:11 UTC</createdTime>
<commentInRDBMS><![CDATA[notes about the book in the catalogue]]></commentInRDBMS>
<generatorID>1D1A2CAE-7317-6AD3-4839-AA0292E3C00C</generatorID>
<ownerDesignName>rcl_logical</ownerDesignName>
<nullsAllowed>true</nullsAllowed>
<useDomainConstraints>false</useDomainConstraints>
<use>1</use>
<logicalDatatype>LOGDT024</logicalDatatype>
<dataTypeSize>100</dataTypeSize>
<ownDataTypeParameters>100,,</ownDataTypeParameters>
<autoIncrementCycle>false</autoIncrementCycle>
</Column>
<Column name="publisher_id" id="EE11047C-AB6E-AECA-25EE-60E082124670">
<createdBy>thear</createdBy>
<createdTime>2024-09-18 02:55:11 UTC</createdTime>
<commentInRDBMS><![CDATA[id of the publisher]]></commentInRDBMS>
<generatorID>500288AA-E2C2-AD56-90F0-5819727FC0E1</generatorID>
<ownerDesignName>rcl_logical</ownerDesignName>
<useDomainConstraints>false</useDomainConstraints>
<use>1</use>
<logicalDatatype>LOGDT019</logicalDatatype>
<dataTypePrecision>4</dataTypePrecision>
<ownDataTypeParameters>,,</ownDataTypeParameters>
<previousColumn>false</previousColumn>
<autoIncrementCycle>false</autoIncrementCycle>
<associations>
<colAssociation fkAssociation="E255FC67-51DD-C983-08EC-503FC0FB264F" referredColumn="8DD5FF53-8BD9-F9C7-EB38-80349984C336"/>
</associations>
</Column>
</columns>
<indexes itemClass="oracle.dbtools.crest.model.design.relational.Index">
<ind_PK_UK id="6EB720AF-248E-F02E-FA4A-08C3B3C7CB84" name="CATALOGUE_PK">
<createdBy>thear</createdBy>
<createdTime>2024-09-18 02:55:11 UTC</createdTime>
<generatorID>8C055451-98CE-19C2-B230-B440A71E437A</generatorID>
<ownerDesignName>rcl_logical</ownerDesignName>
<pk>true</pk>
<indexState>Primary Constraint</indexState>
<isSurrogateKey>false</isSurrogateKey>
<indexColumnUsage>
<colUsage columnID="C104EC0C-0C1C-A075-4B94-584EBD960931"/>
</indexColumnUsage>
</ind_PK_UK>
<ind_PK_UK id="A55853E8-8BBA-3DF7-BB54-220D82BC9794" name="publisher_catalogue_fk">
<createdBy>thear</createdBy>
<createdTime>2024-09-18 02:55:11 UTC</createdTime>
<generatorID>FC1A7AFB-4E90-B9B9-6259-131AAD1A8B78</generatorID>
<ownerDesignName>rcl_logical</ownerDesignName>
<indexState>Foreign Key</indexState>
<isSurrogateKey>false</isSurrogateKey>
<indexColumnUsage>
<colUsage columnID="EE11047C-AB6E-AECA-25EE-60E082124670"/>
</indexColumnUsage>
</ind_PK_UK>
</indexes>
</Table>
