<?xml version = '1.0' encoding = 'UTF-8'?>
<Table class="oracle.dbtools.crest.model.design.relational.Table" directorySegmentName="seg_0" id="1A2731E1-D0A1-BA48-FE8C-61685154756C" name="BORROWER_CLASS">
<createdBy>thear</createdBy>
<createdTime>2024-09-18 02:55:11 UTC</createdTime>
<generatorID>3A0ECB99-004B-3433-6C73-6B8EAF26145F</generatorID>
<ownerDesignName>rcl_logical</ownerDesignName>
<abbreviation>bclas</abbreviation>
<allowColumnReorder>false</allowColumnReorder>
<existDependencyGenerateInDDl>true</existDependencyGenerateInDDl>
<parsed>true</parsed>
<columns itemClass="oracle.dbtools.crest.model.design.relational.Column">
<Column name="borrower_class_id" id="02C6C8F3-3058-E480-5BEB-9BC3F77F725B">
<createdBy>thear</createdBy>
<createdTime>2024-09-18 02:55:11 UTC</createdTime>
<commentInRDBMS><![CDATA[identifier for class type]]></commentInRDBMS>
<generatorID>DE4F6DFF-F3F2-E314-5C62-7CFAAE4D4CF9</generatorID>
<ownerDesignName>rcl_logical</ownerDesignName>
<useDomainConstraints>false</useDomainConstraints>
<use>1</use>
<logicalDatatype>LOGDT019</logicalDatatype>
<dataTypePrecision>5</dataTypePrecision>
<ownDataTypeParameters>,5,</ownDataTypeParameters>
<autoIncrementCycle>false</autoIncrementCycle>
</Column>
<Column name="borrower_class_name" id="AA4E6DC6-99EB-B609-A66B-5B2FB9E38E90">
<createdBy>thear</createdBy>
<createdTime>2024-09-18 02:55:11 UTC</createdTime>
<commentInRDBMS><![CDATA[type of borrower class]]></commentInRDBMS>
<generatorID>3F2B94B7-8E11-98B8-6876-CF23BD5971CF</generatorID>
<ownerDesignName>rcl_logical</ownerDesignName>
<useDomainConstraints>false</useDomainConstraints>
<use>1</use>
<logicalDatatype>LOGDT024</logicalDatatype>
<dataTypeSize>30</dataTypeSize>
<ownDataTypeParameters>30,,</ownDataTypeParameters>
<autoIncrementCycle>false</autoIncrementCycle>
</Column>
<Column name="borrower_class_loanperiod" id="72631CBC-00BB-91B5-445C-FA669B23B12E">
<createdBy>thear</createdBy>
<createdTime>2024-09-18 02:55:11 UTC</createdTime>
<commentInRDBMS><![CDATA[loan period of the borrower class]]></commentInRDBMS>
<generatorID>D74338F5-CC6D-DF05-1938-EC9335ECB66A</generatorID>
<ownerDesignName>rcl_logical</ownerDesignName>
<useDomainConstraints>false</useDomainConstraints>
<use>1</use>
<logicalDatatype>LOGDT019</logicalDatatype>
<dataTypePrecision>2</dataTypePrecision>
<ownDataTypeParameters>,2,</ownDataTypeParameters>
<autoIncrementCycle>false</autoIncrementCycle>
</Column>
<Column name="borrower_class_book_limit" id="06D7C00E-DD00-DB93-9D92-D38A686CC783">
<createdBy>thear</createdBy>
<createdTime>2024-09-18 02:55:11 UTC</createdTime>
<commentInRDBMS><![CDATA[the number of books a borrower class can loan]]></commentInRDBMS>
<generatorID>AC79666A-FDD7-2CD3-CBDF-A797818D803C</generatorID>
<ownerDesignName>rcl_logical</ownerDesignName>
<useDomainConstraints>false</useDomainConstraints>
<use>1</use>
<logicalDatatype>LOGDT019</logicalDatatype>
<dataTypePrecision>2</dataTypePrecision>
<ownDataTypeParameters>,2,</ownDataTypeParameters>
<autoIncrementCycle>false</autoIncrementCycle>
</Column>
</columns>
<indexes itemClass="oracle.dbtools.crest.model.design.relational.Index">
<ind_PK_UK id="5E024C9D-08BB-DE80-B18E-0E8CFA4CB180" name="BORROWER_CLASS_PK">
<createdBy>thear</createdBy>
<createdTime>2024-09-18 02:55:11 UTC</createdTime>
<generatorID>7FA47614-34A0-7605-9CAA-F9D1E16165E5</generatorID>
<ownerDesignName>rcl_logical</ownerDesignName>
<pk>true</pk>
<indexState>Primary Constraint</indexState>
<isSurrogateKey>false</isSurrogateKey>
<indexColumnUsage>
<colUsage columnID="02C6C8F3-3058-E480-5BEB-9BC3F77F725B"/>
</indexColumnUsage>
</ind_PK_UK>
</indexes>
</Table>
