<?xml version = '1.0' encoding = 'UTF-8'?>
<Table class="oracle.dbtools.crest.model.design.relational.Table" directorySegmentName="seg_0" id="1AD4BC92-D893-A9AA-D700-C0777322DEB7" name="MANAGER">
<createdBy>thear</createdBy>
<createdTime>2024-09-18 02:55:11 UTC</createdTime>
<generatorID>9F7E16E8-610A-415A-A996-44CA07E00DFC</generatorID>
<ownerDesignName>rcl_logical</ownerDesignName>
<abbreviation>man</abbreviation>
<allowColumnReorder>false</allowColumnReorder>
<existDependencyGenerateInDDl>true</existDependencyGenerateInDDl>
<parsed>true</parsed>
<columns itemClass="oracle.dbtools.crest.model.design.relational.Column">
<Column name="manager_id" id="1F7281AD-B677-2406-20AC-E528604377D7">
<createdBy>thear</createdBy>
<createdTime>2024-09-18 02:55:11 UTC</createdTime>
<commentInRDBMS><![CDATA[identifier of the manager]]></commentInRDBMS>
<generatorID>99AE7C87-1031-802F-2E23-BD66FB520467</generatorID>
<ownerDesignName>rcl_logical</ownerDesignName>
<useDomainConstraints>false</useDomainConstraints>
<use>1</use>
<logicalDatatype>LOGDT019</logicalDatatype>
<dataTypePrecision>7</dataTypePrecision>
<ownDataTypeParameters>,7,</ownDataTypeParameters>
<autoIncrementCycle>false</autoIncrementCycle>
</Column>
<Column name="manager_fname" id="8D02EFEC-0667-414D-1E21-9E1A896A5085">
<createdBy>thear</createdBy>
<createdTime>2024-09-18 02:55:11 UTC</createdTime>
<commentInRDBMS><![CDATA[first name of the manager]]></commentInRDBMS>
<generatorID>C3577E92-C442-35C0-36EA-37AA10E00930</generatorID>
<ownerDesignName>rcl_logical</ownerDesignName>
<nullsAllowed>true</nullsAllowed>
<useDomainConstraints>false</useDomainConstraints>
<use>1</use>
<logicalDatatype>LOGDT024</logicalDatatype>
<dataTypeSize>20</dataTypeSize>
<ownDataTypeParameters>20,,</ownDataTypeParameters>
<autoIncrementCycle>false</autoIncrementCycle>
</Column>
<Column name="manager_lname" id="28247F3E-21D9-82A4-7BC0-F89103236852">
<createdBy>thear</createdBy>
<createdTime>2024-09-18 02:55:11 UTC</createdTime>
<commentInRDBMS><![CDATA[last name of the manager]]></commentInRDBMS>
<generatorID>8A7C6521-F9C8-1062-157D-FBD8E28313AC</generatorID>
<ownerDesignName>rcl_logical</ownerDesignName>
<nullsAllowed>true</nullsAllowed>
<useDomainConstraints>false</useDomainConstraints>
<use>1</use>
<logicalDatatype>LOGDT024</logicalDatatype>
<dataTypeSize>20</dataTypeSize>
<ownDataTypeParameters>20,,</ownDataTypeParameters>
<autoIncrementCycle>false</autoIncrementCycle>
</Column>
<Column name="manager_phoneno" id="8E5CAF9F-A45B-8A39-D481-C33B7B1EA72A">
<createdBy>thear</createdBy>
<createdTime>2024-09-18 02:55:11 UTC</createdTime>
<commentInRDBMS><![CDATA[phone number of the manager]]></commentInRDBMS>
<generatorID>152F0A74-EFDB-42E6-A72D-F2C5058BDF7D</generatorID>
<ownerDesignName>rcl_logical</ownerDesignName>
<nullsAllowed>true</nullsAllowed>
<useDomainConstraints>false</useDomainConstraints>
<use>1</use>
<logicalDatatype>LOGDT025</logicalDatatype>
<dataTypeSize>10</dataTypeSize>
<ownDataTypeParameters>10,,</ownDataTypeParameters>
<autoIncrementCycle>false</autoIncrementCycle>
</Column>
<Column name="branch_code" id="FC7BE0AB-1503-B256-B076-FD39EC324396">
<createdBy>thear</createdBy>
<createdTime>2024-09-18 02:55:11 UTC</createdTime>
<commentInRDBMS><![CDATA[code of the branch]]></commentInRDBMS>
<generatorID>96622C22-E03C-169C-08E6-AE949948D1E5</generatorID>
<ownerDesignName>rcl_logical</ownerDesignName>
<useDomainConstraints>false</useDomainConstraints>
<use>1</use>
<logicalDatatype>LOGDT019</logicalDatatype>
<dataTypePrecision>3</dataTypePrecision>
<ownDataTypeParameters>,,</ownDataTypeParameters>
<previousColumn>false</previousColumn>
<autoIncrementCycle>false</autoIncrementCycle>
<associations>
<colAssociation fkAssociation="ACF7D0E7-D0A7-FBA2-09D9-A5482ED75AD0" referredColumn="168AC37F-B43C-43A8-F1F0-48F92392E7DC"/>
</associations>
</Column>
</columns>
<indexes itemClass="oracle.dbtools.crest.model.design.relational.Index">
<ind_PK_UK id="78839CA6-E414-1C37-C62B-7C86AE2ECFCB" name="MANAGER_PK">
<createdBy>thear</createdBy>
<createdTime>2024-09-18 02:55:11 UTC</createdTime>
<generatorID>B0FDC85F-6A72-D174-D812-081501926DBB</generatorID>
<ownerDesignName>rcl_logical</ownerDesignName>
<pk>true</pk>
<indexState>Primary Constraint</indexState>
<isSurrogateKey>false</isSurrogateKey>
<indexColumnUsage>
<colUsage columnID="1F7281AD-B677-2406-20AC-E528604377D7"/>
</indexColumnUsage>
</ind_PK_UK>
<ind_PK_UK id="902290AB-A90D-03F5-7DF5-38BDC81F2B7A" name="MANAGER__IDX">
<createdBy>thear</createdBy>
<createdTime>2024-09-18 02:55:11 UTC</createdTime>
<ownerDesignName>rcl_logical</ownerDesignName>
<indexState>Unique Plain Index</indexState>
<isSurrogateKey>false</isSurrogateKey>
<relationGeneratorID>CBEE89D4-F834-ACA1-9248-BE2930DAE069</relationGeneratorID>
<indexColumnUsage>
<colUsage columnID="FC7BE0AB-1503-B256-B076-FD39EC324396"/>
</indexColumnUsage>
</ind_PK_UK>
<ind_PK_UK id="D7A9B25D-2EB9-F558-3BDA-F0D18EF50F3C" name="manager_homebranch">
<createdBy>thear</createdBy>
<createdTime>2024-09-18 02:55:11 UTC</createdTime>
<generatorID>CBEE89D4-F834-ACA1-9248-BE2930DAE069</generatorID>
<ownerDesignName>rcl_logical</ownerDesignName>
<indexState>Foreign Key</indexState>
<isSurrogateKey>false</isSurrogateKey>
<indexColumnUsage>
<colUsage columnID="FC7BE0AB-1503-B256-B076-FD39EC324396"/>
</indexColumnUsage>
</ind_PK_UK>
</indexes>
</Table>
