<?xml version = '1.0' encoding = 'UTF-8'?>
<Table class="oracle.dbtools.crest.model.design.relational.Table" directorySegmentName="seg_0" id="24658FAA-9C1B-6699-7347-595CADF54A83" name="CAT_SUBJECT">
<createdBy>thear</createdBy>
<createdTime>2024-09-18 02:55:11 UTC</createdTime>
<generatorID>BBE7FA0B-8415-9CB7-4121-466840403C5E</generatorID>
<ownerDesignName>rcl_logical</ownerDesignName>
<allowColumnReorder>false</allowColumnReorder>
<existDependencyGenerateInDDl>true</existDependencyGenerateInDDl>
<parsed>true</parsed>
<columns itemClass="oracle.dbtools.crest.model.design.relational.Column">
<Column name="ctlg_call_no" id="4F6035A5-5B8C-6DD9-3B66-CE86BD9D60C5">
<createdBy>thear</createdBy>
<createdTime>2024-09-18 02:55:11 UTC</createdTime>
<commentInRDBMS><![CDATA[catalogue call number]]></commentInRDBMS>
<generatorID>E468D0D9-D8B0-77B1-3305-AAF75CEAACB4</generatorID>
<ownerDesignName>rcl_logical</ownerDesignName>
<useDomainConstraints>false</useDomainConstraints>
<use>1</use>
<logicalDatatype>LOGDT024</logicalDatatype>
<dataTypeSize>30</dataTypeSize>
<ownDataTypeParameters>,,</ownDataTypeParameters>
<previousColumn>false</previousColumn>
<autoIncrementCycle>false</autoIncrementCycle>
<associations>
<colAssociation fkAssociation="D92B1F87-D1BF-611D-1BBD-22B9B1FEF9BC" referredColumn="C104EC0C-0C1C-A075-4B94-584EBD960931"/>
</associations>
</Column>
<Column name="subject_id" id="BD369167-4E8D-AECC-18A8-E931E9F0448A">
<createdBy>thear</createdBy>
<createdTime>2024-09-18 02:55:11 UTC</createdTime>
<commentInRDBMS><![CDATA[id of the subject]]></commentInRDBMS>
<generatorID>3E968584-FE06-4D2F-C254-F729459091F3</generatorID>
<ownerDesignName>rcl_logical</ownerDesignName>
<useDomainConstraints>false</useDomainConstraints>
<use>1</use>
<logicalDatatype>LOGDT019</logicalDatatype>
<dataTypePrecision>4</dataTypePrecision>
<ownDataTypeParameters>,,</ownDataTypeParameters>
<previousColumn>false</previousColumn>
<autoIncrementCycle>false</autoIncrementCycle>
<associations>
<colAssociation fkAssociation="3694459F-352D-25F2-1200-E9B4A8AF4926" referredColumn="9B002795-FD1A-FDE3-6029-1057F18DA761"/>
</associations>
</Column>
</columns>
<indexes itemClass="oracle.dbtools.crest.model.design.relational.Index">
<ind_PK_UK id="8DA045A0-CE61-8671-DA8B-3C73F5FED56B" name="CAT_SUBJECT_PK">
<createdBy>thear</createdBy>
<createdTime>2024-09-18 02:55:11 UTC</createdTime>
<generatorID>77D7FEFA-D5A7-1736-5B7E-ACE8A1970496</generatorID>
<ownerDesignName>rcl_logical</ownerDesignName>
<pk>true</pk>
<indexState>Primary Constraint</indexState>
<isSurrogateKey>false</isSurrogateKey>
<indexColumnUsage>
<colUsage columnID="4F6035A5-5B8C-6DD9-3B66-CE86BD9D60C5"/>
<colUsage columnID="BD369167-4E8D-AECC-18A8-E931E9F0448A"/>
</indexColumnUsage>
</ind_PK_UK>
<ind_PK_UK id="FDB394ED-7F77-06F7-6958-EA2A18CA38AC" name="cat_catsubject">
<createdBy>thear</createdBy>
<createdTime>2024-09-18 02:55:11 UTC</createdTime>
<generatorID>1D465740-AD78-7415-B32A-A3B98A8A9B55</generatorID>
<ownerDesignName>rcl_logical</ownerDesignName>
<indexState>Foreign Key</indexState>
<isSurrogateKey>false</isSurrogateKey>
<indexColumnUsage>
<colUsage columnID="4F6035A5-5B8C-6DD9-3B66-CE86BD9D60C5"/>
</indexColumnUsage>
</ind_PK_UK>
<ind_PK_UK id="B4EA378A-0DC6-0154-D455-420F322C4CB9" name="subject_catsubject_fk">
<createdBy>thear</createdBy>
<createdTime>2024-09-18 02:55:11 UTC</createdTime>
<generatorID>487E9AAE-20F6-9E1A-4ABB-017014653668</generatorID>
<ownerDesignName>rcl_logical</ownerDesignName>
<indexState>Foreign Key</indexState>
<isSurrogateKey>false</isSurrogateKey>
<indexColumnUsage>
<colUsage columnID="BD369167-4E8D-AECC-18A8-E931E9F0448A"/>
</indexColumnUsage>
</ind_PK_UK>
</indexes>
</Table>
