<?xml version = '1.0' encoding = 'UTF-8'?>
<Table class="oracle.dbtools.crest.model.design.relational.Table" directorySegmentName="seg_0" id="364B1D08-8489-29CA-6BCF-0BDB7453547A" name="ISBN">
<createdBy>thear</createdBy>
<createdTime>2024-09-18 02:55:11 UTC</createdTime>
<generatorID>F4DB5634-6C8C-9849-FC20-EA24AF08AE00</generatorID>
<ownerDesignName>rcl_logical</ownerDesignName>
<allowColumnReorder>false</allowColumnReorder>
<existDependencyGenerateInDDl>true</existDependencyGenerateInDDl>
<parsed>true</parsed>
<columns itemClass="oracle.dbtools.crest.model.design.relational.Column">
<Column name="isbn_no" id="FBF48B72-022D-E369-9A9E-597C490F26D6">
<createdBy>thear</createdBy>
<createdTime>2024-09-18 02:55:11 UTC</createdTime>
<commentInRDBMS><![CDATA[number of isbn]]></commentInRDBMS>
<generatorID>4924866D-925D-AA9D-AF09-9FBE223E8DE6</generatorID>
<ownerDesignName>rcl_logical</ownerDesignName>
<useDomainConstraints>false</useDomainConstraints>
<use>1</use>
<logicalDatatype>LOGDT019</logicalDatatype>
<dataTypePrecision>13</dataTypePrecision>
<ownDataTypeParameters>,13,</ownDataTypeParameters>
<autoIncrementCycle>false</autoIncrementCycle>
</Column>
<Column name="isbn_book_type" id="0C1DFE47-D541-6A68-11C1-09D4022B97D2">
<createdBy>thear</createdBy>
<createdTime>2024-09-18 02:55:11 UTC</createdTime>
<commentInRDBMS><![CDATA[booktype of a certain book]]></commentInRDBMS>
<generatorID>DD35C429-7875-1519-16DF-B9F0DE813A58</generatorID>
<ownerDesignName>rcl_logical</ownerDesignName>
<useDomainConstraints>false</useDomainConstraints>
<use>1</use>
<logicalDatatype>LOGDT024</logicalDatatype>
<dataTypeSize>20</dataTypeSize>
<ownDataTypeParameters>20,,</ownDataTypeParameters>
<autoIncrementCycle>false</autoIncrementCycle>
</Column>
<Column name="ctlg_call_no" id="66FBAF7B-0A59-9F48-C58A-881B4BC52EE4">
<createdBy>thear</createdBy>
<createdTime>2024-09-18 02:55:11 UTC</createdTime>
<commentInRDBMS><![CDATA[catalogue call number]]></commentInRDBMS>
<generatorID>0DF44538-DC32-391B-E13C-0F61F02A243B</generatorID>
<ownerDesignName>rcl_logical</ownerDesignName>
<useDomainConstraints>false</useDomainConstraints>
<use>1</use>
<logicalDatatype>LOGDT024</logicalDatatype>
<dataTypeSize>30</dataTypeSize>
<ownDataTypeParameters>,,</ownDataTypeParameters>
<previousColumn>false</previousColumn>
<autoIncrementCycle>false</autoIncrementCycle>
<associations>
<colAssociation fkAssociation="C23E27C2-C3E7-8FAA-8B65-4DF071941D83" referredColumn="C104EC0C-0C1C-A075-4B94-584EBD960931"/>
</associations>
</Column>
</columns>
<indexes itemClass="oracle.dbtools.crest.model.design.relational.Index">
<ind_PK_UK id="FEB10ED3-D793-7BFE-C5D3-46C7D6F76218" name="ISBN_PK">
<createdBy>thear</createdBy>
<createdTime>2024-09-18 02:55:11 UTC</createdTime>
<generatorID>120875B7-6B40-22C5-75CE-BBCE3C643A21</generatorID>
<ownerDesignName>rcl_logical</ownerDesignName>
<pk>true</pk>
<indexState>Primary Constraint</indexState>
<isSurrogateKey>false</isSurrogateKey>
<indexColumnUsage>
<colUsage columnID="FBF48B72-022D-E369-9A9E-597C490F26D6"/>
</indexColumnUsage>
</ind_PK_UK>
<ind_PK_UK id="CE7FD516-881C-2245-D59E-5D66F1DFAC5E" name="catalogue_isbn_fk">
<createdBy>thear</createdBy>
<createdTime>2024-09-18 02:55:11 UTC</createdTime>
<generatorID>3BF1A21D-DC0F-0B7F-3BCA-10A9992BAFFE</generatorID>
<ownerDesignName>rcl_logical</ownerDesignName>
<indexState>Foreign Key</indexState>
<isSurrogateKey>false</isSurrogateKey>
<indexColumnUsage>
<colUsage columnID="66FBAF7B-0A59-9F48-C58A-881B4BC52EE4"/>
</indexColumnUsage>
</ind_PK_UK>
</indexes>
</Table>
