<?xml version = '1.0' encoding = 'UTF-8'?>
<Table class="oracle.dbtools.crest.model.design.relational.Table" directorySegmentName="seg_0" id="59E7E254-BE35-CDEA-8A9F-190447F7BE0B" name="BOOKCOPY">
<createdBy>thear</createdBy>
<createdTime>2024-09-18 02:55:11 UTC</createdTime>
<generatorID>DB00D152-7E2A-7309-E489-FAA917581F1F</generatorID>
<ownerDesignName>rcl_logical</ownerDesignName>
<allowColumnReorder>false</allowColumnReorder>
<existDependencyGenerateInDDl>true</existDependencyGenerateInDDl>
<parsed>true</parsed>
<columns itemClass="oracle.dbtools.crest.model.design.relational.Column">
<Column name="branch_code" id="30AFAAC7-AF8B-3E3A-DD04-53697971B55B">
<createdBy>thear</createdBy>
<createdTime>2024-09-18 02:55:11 UTC</createdTime>
<commentInRDBMS><![CDATA[code of the branch]]></commentInRDBMS>
<generatorID>B8C929B0-BFD3-E40D-AB0D-D5368B4AD2A9</generatorID>
<ownerDesignName>rcl_logical</ownerDesignName>
<useDomainConstraints>false</useDomainConstraints>
<use>1</use>
<logicalDatatype>LOGDT019</logicalDatatype>
<dataTypePrecision>3</dataTypePrecision>
<ownDataTypeParameters>,,</ownDataTypeParameters>
<previousColumn>false</previousColumn>
<autoIncrementCycle>false</autoIncrementCycle>
<associations>
<colAssociation fkAssociation="38CEDAE5-715E-0CB9-ED0C-4464580E4B7C" referredColumn="168AC37F-B43C-43A8-F1F0-48F92392E7DC"/>
</associations>
</Column>
<Column name="bookcopy_id" id="1FB2FC9F-185F-4EEE-89B0-650F78880055">
<createdBy>thear</createdBy>
<createdTime>2024-09-18 02:55:11 UTC</createdTime>
<commentInRDBMS><![CDATA[id of a book]]></commentInRDBMS>
<generatorID>EAA11C61-FBAF-FF51-1A53-D27AD689A3CE</generatorID>
<ownerDesignName>rcl_logical</ownerDesignName>
<useDomainConstraints>false</useDomainConstraints>
<use>1</use>
<logicalDatatype>LOGDT019</logicalDatatype>
<dataTypePrecision>4</dataTypePrecision>
<ownDataTypeParameters>,4,</ownDataTypeParameters>
<autoIncrementCycle>false</autoIncrementCycle>
</Column>
<Column name="bookcopy_status" id="B884B116-C645-4DF5-BB41-24A0C4B21606">
<createdBy>thear</createdBy>
<createdTime>2024-09-18 02:55:11 UTC</createdTime>
<commentInRDBMS><![CDATA[a status to record the book's status. 
OR - on reserve
LO - on loan
AV - available
ST - stolen
LS - lost
DM - damaged]]></commentInRDBMS>
<generatorID>8BADB480-B74C-FF7E-5F0A-1B6BA621DC34</generatorID>
<ownerDesignName>rcl_logical</ownerDesignName>
<constraintName>book_status_chk</constraintName>
<useDomainConstraints>false</useDomainConstraints>
<use>1</use>
<logicalDatatype>LOGDT025</logicalDatatype>
<dataTypeSize>2</dataTypeSize>
<listOfValues>
<valueDef value="AV" description="available for loan"/>
<valueDef value="DM" description="damaged"/>
<valueDef value="LO" description="on loan"/>
<valueDef value="LS" description="lost"/>
<valueDef value="OR" description="on reserve"/>
<valueDef value="ST" description="stolen"/>
</listOfValues>
<ownDataTypeParameters>2,,</ownDataTypeParameters>
<autoIncrementCycle>false</autoIncrementCycle>
</Column>
<Column name="bookcopy_price" id="552E69D1-B596-2259-54D3-D59F138B13DA">
<createdBy>thear</createdBy>
<createdTime>2024-09-18 02:55:11 UTC</createdTime>
<commentInRDBMS><![CDATA[price of a book]]></commentInRDBMS>
<generatorID>B1A9EB99-6CDA-A1DD-E8D4-A9BDC9D5F091</generatorID>
<ownerDesignName>rcl_logical</ownerDesignName>
<useDomainConstraints>false</useDomainConstraints>
<use>1</use>
<logicalDatatype>LOGDT019</logicalDatatype>
<dataTypePrecision>5</dataTypePrecision>
<dataTypeScale>1</dataTypeScale>
<ownDataTypeParameters>,5,1</ownDataTypeParameters>
<autoIncrementCycle>false</autoIncrementCycle>
</Column>
<Column name="isbn_no" id="D4577E7B-BEA3-44FE-5371-98F526D923D4">
<createdBy>thear</createdBy>
<createdTime>2024-09-18 02:55:11 UTC</createdTime>
<commentInRDBMS><![CDATA[number of isbn]]></commentInRDBMS>
<generatorID>AC80D313-5072-9028-5F2E-A85E727BA400</generatorID>
<ownerDesignName>rcl_logical</ownerDesignName>
<useDomainConstraints>false</useDomainConstraints>
<use>1</use>
<logicalDatatype>LOGDT019</logicalDatatype>
<dataTypePrecision>13</dataTypePrecision>
<ownDataTypeParameters>,,</ownDataTypeParameters>
<previousColumn>false</previousColumn>
<autoIncrementCycle>false</autoIncrementCycle>
<associations>
<colAssociation fkAssociation="F1424156-36B3-FBD1-301D-70DAD334DC88" referredColumn="FBF48B72-022D-E369-9A9E-597C490F26D6"/>
</associations>
</Column>
</columns>
<indexes itemClass="oracle.dbtools.crest.model.design.relational.Index">
<ind_PK_UK id="784D5254-59C6-1EB5-EE32-B8D2008476B8" name="BOOKCOPY_PK">
<createdBy>thear</createdBy>
<createdTime>2024-09-18 02:55:11 UTC</createdTime>
<generatorID>B5EF84A5-2079-4211-66EA-8C63287B6319</generatorID>
<ownerDesignName>rcl_logical</ownerDesignName>
<pk>true</pk>
<indexState>Primary Constraint</indexState>
<isSurrogateKey>false</isSurrogateKey>
<indexColumnUsage>
<colUsage columnID="30AFAAC7-AF8B-3E3A-DD04-53697971B55B"/>
<colUsage columnID="1FB2FC9F-185F-4EEE-89B0-650F78880055"/>
</indexColumnUsage>
</ind_PK_UK>
<ind_PK_UK id="7DB181F2-3654-B80D-69CB-64FB101080B1" name="branch_bookcopy_fk">
<createdBy>thear</createdBy>
<createdTime>2024-09-18 02:55:11 UTC</createdTime>
<generatorID>DFDE39C5-9D80-2A98-0C19-63F29E550A4C</generatorID>
<ownerDesignName>rcl_logical</ownerDesignName>
<indexState>Foreign Key</indexState>
<isSurrogateKey>false</isSurrogateKey>
<indexColumnUsage>
<colUsage columnID="30AFAAC7-AF8B-3E3A-DD04-53697971B55B"/>
</indexColumnUsage>
</ind_PK_UK>
<ind_PK_UK id="86BA8F93-D2A1-7CE9-F7BF-30E77F9F3FE4" name="isbn_bookcopy_fk">
<createdBy>thear</createdBy>
<createdTime>2024-09-18 02:55:11 UTC</createdTime>
<generatorID>A176F03B-C27A-06F2-80DE-F6EEFEA7D7FF</generatorID>
<ownerDesignName>rcl_logical</ownerDesignName>
<indexState>Foreign Key</indexState>
<isSurrogateKey>false</isSurrogateKey>
<indexColumnUsage>
<colUsage columnID="D4577E7B-BEA3-44FE-5371-98F526D923D4"/>
</indexColumnUsage>
</ind_PK_UK>
</indexes>
</Table>
