<?xml version = '1.0' encoding = 'UTF-8'?>
<Table class="oracle.dbtools.crest.model.design.relational.Table" directorySegmentName="seg_0" id="60B241F5-4104-52DB-9F64-1504C04C3F04" name="BORROWER">
<createdBy>thear</createdBy>
<createdTime>2024-09-18 02:55:11 UTC</createdTime>
<generatorID>748CD58E-7201-C761-51D0-DF8B2E5584BD</generatorID>
<ownerDesignName>rcl_logical</ownerDesignName>
<allowColumnReorder>false</allowColumnReorder>
<existDependencyGenerateInDDl>true</existDependencyGenerateInDDl>
<parsed>true</parsed>
<columns itemClass="oracle.dbtools.crest.model.design.relational.Column">
<Column name="borrower_no" id="22234F71-683F-53A4-5218-F75762182C60">
<createdBy>thear</createdBy>
<createdTime>2024-09-18 02:55:11 UTC</createdTime>
<commentInRDBMS><![CDATA[number of the borrower]]></commentInRDBMS>
<generatorID>EE3B4AA4-6650-0162-6F2D-F10903884052</generatorID>
<ownerDesignName>rcl_logical</ownerDesignName>
<useDomainConstraints>false</useDomainConstraints>
<use>1</use>
<logicalDatatype>LOGDT019</logicalDatatype>
<dataTypePrecision>4</dataTypePrecision>
<ownDataTypeParameters>,4,</ownDataTypeParameters>
<autoIncrementCycle>false</autoIncrementCycle>
</Column>
<Column name="borrower_fname" id="152F3683-2559-6A48-47F3-C5F35014B249">
<createdBy>thear</createdBy>
<createdTime>2024-09-18 02:55:11 UTC</createdTime>
<commentInRDBMS><![CDATA[first name of the borrower]]></commentInRDBMS>
<generatorID>AD773ABC-6EC9-AF0A-F163-A1418DA5CAC8</generatorID>
<ownerDesignName>rcl_logical</ownerDesignName>
<nullsAllowed>true</nullsAllowed>
<useDomainConstraints>false</useDomainConstraints>
<use>1</use>
<logicalDatatype>LOGDT024</logicalDatatype>
<dataTypeSize>20</dataTypeSize>
<ownDataTypeParameters>20,,</ownDataTypeParameters>
<autoIncrementCycle>false</autoIncrementCycle>
</Column>
<Column name="borrower_lname" id="055082A1-5809-3BE6-D0A8-2827B85D0970">
<createdBy>thear</createdBy>
<createdTime>2024-09-18 02:55:11 UTC</createdTime>
<commentInRDBMS><![CDATA[last name of the borrower]]></commentInRDBMS>
<generatorID>EE268DC0-AFDB-BC4D-3246-2CBE02943975</generatorID>
<ownerDesignName>rcl_logical</ownerDesignName>
<nullsAllowed>true</nullsAllowed>
<useDomainConstraints>false</useDomainConstraints>
<use>1</use>
<logicalDatatype>LOGDT024</logicalDatatype>
<dataTypeSize>20</dataTypeSize>
<ownDataTypeParameters>20,,</ownDataTypeParameters>
<autoIncrementCycle>false</autoIncrementCycle>
</Column>
<Column name="branch_code" id="54FBF915-2B22-C4F7-EE06-2190A79E13DE">
<createdBy>thear</createdBy>
<createdTime>2024-09-18 02:55:11 UTC</createdTime>
<commentInRDBMS><![CDATA[code of the branch]]></commentInRDBMS>
<generatorID>4A05F5EC-6684-DEB1-A213-015270E49A2C</generatorID>
<ownerDesignName>rcl_logical</ownerDesignName>
<useDomainConstraints>false</useDomainConstraints>
<use>1</use>
<logicalDatatype>LOGDT019</logicalDatatype>
<dataTypePrecision>3</dataTypePrecision>
<ownDataTypeParameters>,,</ownDataTypeParameters>
<previousColumn>false</previousColumn>
<autoIncrementCycle>false</autoIncrementCycle>
<associations>
<colAssociation fkAssociation="C275CB20-3126-8499-BB38-8D916DFF2D55" referredColumn="168AC37F-B43C-43A8-F1F0-48F92392E7DC"/>
</associations>
</Column>
<Column name="borrower_status" id="4A5B8A8A-AACC-F566-1BD2-0A4DACA21CB2">
<createdBy>thear</createdBy>
<createdTime>2024-09-18 02:55:11 UTC</createdTime>
<commentInRDBMS><![CDATA[status of borrowers, P for permitted and B for banned.]]></commentInRDBMS>
<generatorID>60E64B59-6965-AA06-5C6A-20ECEEF46BF6</generatorID>
<ownerDesignName>rcl_logical</ownerDesignName>
<constraintName>chk_borrower_status</constraintName>
<useDomainConstraints>false</useDomainConstraints>
<use>1</use>
<logicalDatatype>LOGDT025</logicalDatatype>
<dataTypeSize>1</dataTypeSize>
<listOfValues>
<valueDef value="B" description="banned"/>
<valueDef value="P" description="permitted"/>
</listOfValues>
<ownDataTypeParameters>1,,</ownDataTypeParameters>
<autoIncrementCycle>false</autoIncrementCycle>
</Column>
<Column name="borrower_class_id" id="61096CE7-0AE7-CA99-A5E9-B7356C871813">
<createdBy>thear</createdBy>
<createdTime>2024-09-18 02:55:11 UTC</createdTime>
<commentInRDBMS><![CDATA[identifier for class type]]></commentInRDBMS>
<generatorID>BFB02393-7351-D113-3037-B7E53E5A612D</generatorID>
<ownerDesignName>rcl_logical</ownerDesignName>
<useDomainConstraints>false</useDomainConstraints>
<use>1</use>
<logicalDatatype>LOGDT019</logicalDatatype>
<dataTypePrecision>5</dataTypePrecision>
<ownDataTypeParameters>,,</ownDataTypeParameters>
<previousColumn>false</previousColumn>
<autoIncrementCycle>false</autoIncrementCycle>
<associations>
<colAssociation fkAssociation="D9CBB22A-D8FD-7F1F-2F78-916B8764C9A8" referredColumn="02C6C8F3-3058-E480-5BEB-9BC3F77F725B"/>
</associations>
</Column>
<Column name="borrower_street" id="431EFB6A-546D-DAA3-7213-02BE13852984">
<createdBy>thear</createdBy>
<createdTime>2024-09-18 02:55:11 UTC</createdTime>
<commentInRDBMS><![CDATA[street name of the borrower's address]]></commentInRDBMS>
<generatorID>DF2B54E4-66B6-06DD-4F4E-CD96C664745F</generatorID>
<ownerDesignName>rcl_logical</ownerDesignName>
<useDomainConstraints>false</useDomainConstraints>
<use>1</use>
<logicalDatatype>LOGDT024</logicalDatatype>
<dataTypeSize>30</dataTypeSize>
<ownDataTypeParameters>30,,</ownDataTypeParameters>
<autoIncrementCycle>false</autoIncrementCycle>
</Column>
<Column name="borrower_city" id="613A1830-E5C4-01FE-D088-5F2015FC79FC">
<createdBy>thear</createdBy>
<createdTime>2024-09-18 02:55:11 UTC</createdTime>
<commentInRDBMS><![CDATA[city the borrower resides in]]></commentInRDBMS>
<generatorID>59511574-ED32-13FF-C9AF-32261A01BE94</generatorID>
<ownerDesignName>rcl_logical</ownerDesignName>
<useDomainConstraints>false</useDomainConstraints>
<use>1</use>
<logicalDatatype>LOGDT024</logicalDatatype>
<dataTypeSize>30</dataTypeSize>
<ownDataTypeParameters>30,,</ownDataTypeParameters>
<autoIncrementCycle>false</autoIncrementCycle>
</Column>
<Column name="borrower_state" id="60097BA7-4015-305D-2C78-1F1FDC1CEE14">
<createdBy>thear</createdBy>
<createdTime>2024-09-18 02:55:11 UTC</createdTime>
<commentInRDBMS><![CDATA[state the borrower resides in]]></commentInRDBMS>
<generatorID>6808D20F-6EE0-1143-1DA6-67D5172816D8</generatorID>
<ownerDesignName>rcl_logical</ownerDesignName>
<useDomainConstraints>false</useDomainConstraints>
<use>1</use>
<logicalDatatype>LOGDT025</logicalDatatype>
<dataTypeSize>3</dataTypeSize>
<ownDataTypeParameters>3,,</ownDataTypeParameters>
<autoIncrementCycle>false</autoIncrementCycle>
</Column>
<Column name="borrower_zipcode" id="50306069-74A2-52C6-1544-CF29C0EFE114">
<createdBy>thear</createdBy>
<createdTime>2024-09-18 02:55:11 UTC</createdTime>
<commentInRDBMS><![CDATA[zipcode of the borrower]]></commentInRDBMS>
<generatorID>A2589F30-0522-4A70-3329-0F7EDF0AD8FC</generatorID>
<ownerDesignName>rcl_logical</ownerDesignName>
<useDomainConstraints>false</useDomainConstraints>
<use>1</use>
<logicalDatatype>LOGDT025</logicalDatatype>
<dataTypeSize>4</dataTypeSize>
<ownDataTypeParameters>4,,</ownDataTypeParameters>
<autoIncrementCycle>false</autoIncrementCycle>
</Column>
<Column name="borrower_phoneno" id="5E37834D-A3B1-3DE2-21AF-9E7AE266ED5C">
<createdBy>thear</createdBy>
<createdTime>2024-09-18 02:55:11 UTC</createdTime>
<commentInRDBMS><![CDATA[phone number of the borrower]]></commentInRDBMS>
<generatorID>FE289CF3-266C-1128-4C03-16778E400F3A</generatorID>
<ownerDesignName>rcl_logical</ownerDesignName>
<nullsAllowed>true</nullsAllowed>
<useDomainConstraints>false</useDomainConstraints>
<use>1</use>
<logicalDatatype>LOGDT025</logicalDatatype>
<dataTypeSize>10</dataTypeSize>
<ownDataTypeParameters>10,,</ownDataTypeParameters>
<autoIncrementCycle>false</autoIncrementCycle>
</Column>
</columns>
<indexes itemClass="oracle.dbtools.crest.model.design.relational.Index">
<ind_PK_UK id="892B52E1-4061-935E-204D-558FC7D41240" name="BORROWER_PK">
<createdBy>thear</createdBy>
<createdTime>2024-09-18 02:55:11 UTC</createdTime>
<generatorID>9D4C04ED-384B-2838-6C99-67E263D1AB3E</generatorID>
<ownerDesignName>rcl_logical</ownerDesignName>
<pk>true</pk>
<indexState>Primary Constraint</indexState>
<isSurrogateKey>false</isSurrogateKey>
<indexColumnUsage>
<colUsage columnID="22234F71-683F-53A4-5218-F75762182C60"/>
</indexColumnUsage>
</ind_PK_UK>
<ind_PK_UK id="FE9B13FC-CAC6-C439-0031-4D81C3E713B4" name="bclass_borrower_fk">
<createdBy>thear</createdBy>
<createdTime>2024-09-18 02:55:11 UTC</createdTime>
<generatorID>6AD8AEA6-EBF0-F7A3-6778-ED03EBF99580</generatorID>
<ownerDesignName>rcl_logical</ownerDesignName>
<indexState>Foreign Key</indexState>
<isSurrogateKey>false</isSurrogateKey>
<indexColumnUsage>
<colUsage columnID="61096CE7-0AE7-CA99-A5E9-B7356C871813"/>
</indexColumnUsage>
</ind_PK_UK>
<ind_PK_UK id="EB6D13C1-9D58-56A1-D540-AB160E00C6EB" name="borrower_homebranch_fk">
<createdBy>thear</createdBy>
<createdTime>2024-09-18 02:55:11 UTC</createdTime>
<generatorID>788BEA95-D665-F454-D644-ED1F881F7D7D</generatorID>
<ownerDesignName>rcl_logical</ownerDesignName>
<indexState>Foreign Key</indexState>
<isSurrogateKey>false</isSurrogateKey>
<indexColumnUsage>
<colUsage columnID="54FBF915-2B22-C4F7-EE06-2190A79E13DE"/>
</indexColumnUsage>
</ind_PK_UK>
</indexes>
</Table>
