<?xml version = '1.0' encoding = 'UTF-8'?>
<Table class="oracle.dbtools.crest.model.design.relational.Table" directorySegmentName="seg_0" id="63CDA3CE-5B0C-E2EF-D994-D7F04906BCE9" name="RESERVATION">
<createdBy>thear</createdBy>
<createdTime>2024-09-18 02:55:11 UTC</createdTime>
<generatorID>E07F6624-EA99-8077-7330-CEA39DF45457</generatorID>
<ownerDesignName>rcl_logical</ownerDesignName>
<allowColumnReorder>false</allowColumnReorder>
<existDependencyGenerateInDDl>true</existDependencyGenerateInDDl>
<parsed>true</parsed>
<columns itemClass="oracle.dbtools.crest.model.design.relational.Column">
<Column name="reservation_id" id="1F3CFCD6-B5F9-331D-08BA-F3466813BB04">
<createdBy>thear</createdBy>
<createdTime>2024-09-18 02:55:11 UTC</createdTime>
<commentInRDBMS><![CDATA[id of the reservation]]></commentInRDBMS>
<generatorID>13186CE7-A9BA-E77E-153A-80FE13B5F3ED</generatorID>
<ownerDesignName>rcl_logical</ownerDesignName>
<useDomainConstraints>false</useDomainConstraints>
<use>1</use>
<logicalDatatype>LOGDT019</logicalDatatype>
<dataTypePrecision>7</dataTypePrecision>
<ownDataTypeParameters>,7,</ownDataTypeParameters>
<autoIncrementCycle>false</autoIncrementCycle>
</Column>
<Column name="reservation_datetime" id="C7A59F15-6116-9FA9-EBDC-FEFE40B66D1A">
<createdBy>thear</createdBy>
<createdTime>2024-09-18 02:55:11 UTC</createdTime>
<generatorID>926C21DB-BEC6-DA96-A9E8-8A304D9D5D8F</generatorID>
<ownerDesignName>rcl_logical</ownerDesignName>
<useDomainConstraints>false</useDomainConstraints>
<use>1</use>
<logicalDatatype>LOGDT007</logicalDatatype>
<ownDataTypeParameters>,,</ownDataTypeParameters>
<autoIncrementCycle>false</autoIncrementCycle>
</Column>
<Column name="branch_code" id="657D4DE9-4A8B-69C0-987C-560757FF1275">
<createdBy>thear</createdBy>
<createdTime>2024-09-18 02:55:11 UTC</createdTime>
<commentInRDBMS><![CDATA[code of the branch]]></commentInRDBMS>
<generatorID>BCA05779-74C9-6F3E-C917-BC456EC97B65</generatorID>
<ownerDesignName>rcl_logical</ownerDesignName>
<useDomainConstraints>false</useDomainConstraints>
<use>1</use>
<logicalDatatype>LOGDT019</logicalDatatype>
<dataTypePrecision>3</dataTypePrecision>
<ownDataTypeParameters>,,</ownDataTypeParameters>
<previousColumn>false</previousColumn>
<autoIncrementCycle>false</autoIncrementCycle>
<associations>
<colAssociation fkAssociation="95D3869D-8B15-A22C-0DE7-533E3943BD89" referredColumn="30AFAAC7-AF8B-3E3A-DD04-53697971B55B"/>
</associations>
</Column>
<Column name="bookcopy_id" id="755E23E5-675B-D575-8DCF-74BCAFE31054">
<createdBy>thear</createdBy>
<createdTime>2024-09-18 02:55:11 UTC</createdTime>
<commentInRDBMS><![CDATA[id of a book]]></commentInRDBMS>
<generatorID>919F3FD3-3D83-57A1-D9D2-1479592935BC</generatorID>
<ownerDesignName>rcl_logical</ownerDesignName>
<useDomainConstraints>false</useDomainConstraints>
<use>1</use>
<logicalDatatype>LOGDT019</logicalDatatype>
<dataTypePrecision>4</dataTypePrecision>
<ownDataTypeParameters>,,</ownDataTypeParameters>
<previousColumn>false</previousColumn>
<autoIncrementCycle>false</autoIncrementCycle>
<associations>
<colAssociation fkAssociation="95D3869D-8B15-A22C-0DE7-533E3943BD89" referredColumn="1FB2FC9F-185F-4EEE-89B0-650F78880055"/>
</associations>
</Column>
<Column name="borrower_no" id="78D1F095-6213-867B-C050-6204D87C122A">
<createdBy>thear</createdBy>
<createdTime>2024-09-18 02:55:11 UTC</createdTime>
<commentInRDBMS><![CDATA[number of the borrower]]></commentInRDBMS>
<generatorID>C537597B-0AE9-236A-9350-B529F4DB20FD</generatorID>
<ownerDesignName>rcl_logical</ownerDesignName>
<useDomainConstraints>false</useDomainConstraints>
<use>1</use>
<logicalDatatype>LOGDT019</logicalDatatype>
<dataTypePrecision>4</dataTypePrecision>
<ownDataTypeParameters>,,</ownDataTypeParameters>
<previousColumn>false</previousColumn>
<autoIncrementCycle>false</autoIncrementCycle>
<associations>
<colAssociation fkAssociation="FAD021D7-4471-8992-1643-F0BCA04A847B" referredColumn="22234F71-683F-53A4-5218-F75762182C60"/>
</associations>
</Column>
</columns>
<indexes itemClass="oracle.dbtools.crest.model.design.relational.Index">
<ind_PK_UK id="8FFC7FD7-9901-34F0-B326-0D9E98D6086C" name="RESERVATION_PK">
<createdBy>thear</createdBy>
<createdTime>2024-09-18 02:55:11 UTC</createdTime>
<generatorID>ED37D4C0-2E49-C110-D3D3-E1E9A72B444E</generatorID>
<ownerDesignName>rcl_logical</ownerDesignName>
<pk>true</pk>
<indexState>Primary Constraint</indexState>
<isSurrogateKey>false</isSurrogateKey>
<indexColumnUsage>
<colUsage columnID="1F3CFCD6-B5F9-331D-08BA-F3466813BB04"/>
</indexColumnUsage>
</ind_PK_UK>
<ind_PK_UK id="CD279F57-3F4C-6E16-E052-5361ACE97F39" name="reservation_nk">
<createdBy>thear</createdBy>
<createdTime>2024-09-18 02:55:11 UTC</createdTime>
<generatorID>9FF24C44-46FA-E2DB-FD1D-E285F417374C</generatorID>
<ownerDesignName>rcl_logical</ownerDesignName>
<indexState>Unique Constraint</indexState>
<isSurrogateKey>false</isSurrogateKey>
<indexColumnUsage>
<colUsage columnID="C7A59F15-6116-9FA9-EBDC-FEFE40B66D1A"/>
<colUsage columnID="657D4DE9-4A8B-69C0-987C-560757FF1275"/>
<colUsage columnID="755E23E5-675B-D575-8DCF-74BCAFE31054"/>
</indexColumnUsage>
</ind_PK_UK>
<ind_PK_UK id="80557ACB-3512-7215-0BAF-B6C90258337B" name="bookcopy_reservation_fk">
<createdBy>thear</createdBy>
<createdTime>2024-09-18 02:55:11 UTC</createdTime>
<generatorID>812C42C7-D752-D8CC-842D-90486DC603FE</generatorID>
<ownerDesignName>rcl_logical</ownerDesignName>
<indexState>Foreign Key</indexState>
<isSurrogateKey>false</isSurrogateKey>
<indexColumnUsage>
<colUsage columnID="657D4DE9-4A8B-69C0-987C-560757FF1275"/>
<colUsage columnID="755E23E5-675B-D575-8DCF-74BCAFE31054"/>
</indexColumnUsage>
</ind_PK_UK>
<ind_PK_UK id="F9A49367-F6DD-0D01-4FD1-10F63FFDCF0A" name="borrower_reservation_fk">
<createdBy>thear</createdBy>
<createdTime>2024-09-18 02:55:11 UTC</createdTime>
<generatorID>F3E1467E-A520-A303-FDCC-B1725FB4F2A4</generatorID>
<ownerDesignName>rcl_logical</ownerDesignName>
<indexState>Foreign Key</indexState>
<isSurrogateKey>false</isSurrogateKey>
<indexColumnUsage>
<colUsage columnID="78D1F095-6213-867B-C050-6204D87C122A"/>
</indexColumnUsage>
</ind_PK_UK>
</indexes>
</Table>
