<?xml version = '1.0' encoding = 'UTF-8'?>
<Table class="oracle.dbtools.crest.model.design.relational.Table" directorySegmentName="seg_0" id="87917E49-A037-F71E-1E49-A755C79A4887" name="CAT_AUTHOR">
<createdBy>thear</createdBy>
<createdTime>2024-09-18 02:55:11 UTC</createdTime>
<generatorID>AAA3D386-56DF-BE8B-0EEF-0E9A04C96B2D</generatorID>
<ownerDesignName>rcl_logical</ownerDesignName>
<allowColumnReorder>false</allowColumnReorder>
<existDependencyGenerateInDDl>true</existDependencyGenerateInDDl>
<parsed>true</parsed>
<columns itemClass="oracle.dbtools.crest.model.design.relational.Column">
<Column name="ctlg_call_no" id="C4E619E4-A207-C729-26CF-B2569B21D9F0">
<createdBy>thear</createdBy>
<createdTime>2024-09-18 02:55:11 UTC</createdTime>
<commentInRDBMS><![CDATA[catalogue call number]]></commentInRDBMS>
<generatorID>61B95369-962D-DB18-6487-014CBCEF94C3</generatorID>
<ownerDesignName>rcl_logical</ownerDesignName>
<useDomainConstraints>false</useDomainConstraints>
<use>1</use>
<logicalDatatype>LOGDT024</logicalDatatype>
<dataTypeSize>30</dataTypeSize>
<ownDataTypeParameters>,,</ownDataTypeParameters>
<previousColumn>false</previousColumn>
<autoIncrementCycle>false</autoIncrementCycle>
<associations>
<colAssociation fkAssociation="5C3166B8-D391-D446-76CB-8FC8274DBF5F" referredColumn="C104EC0C-0C1C-A075-4B94-584EBD960931"/>
</associations>
</Column>
<Column name="author_id" id="AD98D90D-DFB3-486B-770F-D4094A4C5B25">
<createdBy>thear</createdBy>
<createdTime>2024-09-18 02:55:11 UTC</createdTime>
<commentInRDBMS><![CDATA[author id]]></commentInRDBMS>
<generatorID>C2B06138-25D6-55D4-64B9-D80E9CB3AD10</generatorID>
<ownerDesignName>rcl_logical</ownerDesignName>
<useDomainConstraints>false</useDomainConstraints>
<use>1</use>
<logicalDatatype>LOGDT019</logicalDatatype>
<dataTypePrecision>4</dataTypePrecision>
<ownDataTypeParameters>,,</ownDataTypeParameters>
<previousColumn>false</previousColumn>
<autoIncrementCycle>false</autoIncrementCycle>
<associations>
<colAssociation fkAssociation="38E7548C-E977-9FEF-B7E9-72CC9821428E" referredColumn="65C1E6F4-A6BC-A7D9-651D-7D00D54DE531"/>
</associations>
</Column>
</columns>
<indexes itemClass="oracle.dbtools.crest.model.design.relational.Index">
<ind_PK_UK id="82198054-52C3-79FF-C009-51E2A6085DFE" name="CAT_AUTHOR_PK">
<createdBy>thear</createdBy>
<createdTime>2024-09-18 02:55:11 UTC</createdTime>
<generatorID>BC606678-DF6A-7742-5547-02082D1DE4CF</generatorID>
<ownerDesignName>rcl_logical</ownerDesignName>
<pk>true</pk>
<indexState>Primary Constraint</indexState>
<isSurrogateKey>false</isSurrogateKey>
<indexColumnUsage>
<colUsage columnID="C4E619E4-A207-C729-26CF-B2569B21D9F0"/>
<colUsage columnID="AD98D90D-DFB3-486B-770F-D4094A4C5B25"/>
</indexColumnUsage>
</ind_PK_UK>
<ind_PK_UK id="6241E4F0-5895-A94B-F3C7-35D6832FF015" name="cat_catauthor_fk">
<createdBy>thear</createdBy>
<createdTime>2024-09-18 02:55:11 UTC</createdTime>
<generatorID>44C25DC2-B070-2511-88E4-9168D3B46890</generatorID>
<ownerDesignName>rcl_logical</ownerDesignName>
<indexState>Foreign Key</indexState>
<isSurrogateKey>false</isSurrogateKey>
<indexColumnUsage>
<colUsage columnID="C4E619E4-A207-C729-26CF-B2569B21D9F0"/>
</indexColumnUsage>
</ind_PK_UK>
<ind_PK_UK id="2D8D3495-9E49-E20E-D6C8-4EB3A1C353B9" name="catauthor_author_fk">
<createdBy>thear</createdBy>
<createdTime>2024-09-18 02:55:11 UTC</createdTime>
<generatorID>C196DEAA-5016-9F21-DB30-C5F51C7EF77C</generatorID>
<ownerDesignName>rcl_logical</ownerDesignName>
<indexState>Foreign Key</indexState>
<isSurrogateKey>false</isSurrogateKey>
<indexColumnUsage>
<colUsage columnID="AD98D90D-DFB3-486B-770F-D4094A4C5B25"/>
</indexColumnUsage>
</ind_PK_UK>
</indexes>
</Table>
