<?xml version = '1.0' encoding = 'UTF-8'?>
<Table class="oracle.dbtools.crest.model.design.relational.Table" directorySegmentName="seg_0" id="AFF73A6D-CBB1-60E4-0B76-4E7823D26364" name="BRANCH">
<createdBy>thear</createdBy>
<createdTime>2024-09-18 02:55:11 UTC</createdTime>
<generatorID>4FF2ABD8-8EFB-55E2-B6F4-5668845FAF98</generatorID>
<ownerDesignName>rcl_logical</ownerDesignName>
<abbreviation>bra</abbreviation>
<allowColumnReorder>false</allowColumnReorder>
<existDependencyGenerateInDDl>true</existDependencyGenerateInDDl>
<parsed>true</parsed>
<columns itemClass="oracle.dbtools.crest.model.design.relational.Column">
<Column name="branch_code" id="168AC37F-B43C-43A8-F1F0-48F92392E7DC">
<createdBy>thear</createdBy>
<createdTime>2024-09-18 02:55:11 UTC</createdTime>
<commentInRDBMS><![CDATA[code of the branch]]></commentInRDBMS>
<generatorID>98A01FF2-6499-5D89-D328-9CA17D77D076</generatorID>
<ownerDesignName>rcl_logical</ownerDesignName>
<useDomainConstraints>false</useDomainConstraints>
<use>1</use>
<logicalDatatype>LOGDT019</logicalDatatype>
<dataTypePrecision>3</dataTypePrecision>
<ownDataTypeParameters>,3,</ownDataTypeParameters>
<autoIncrementCycle>false</autoIncrementCycle>
</Column>
<Column name="branch_name" id="460B8036-4C86-087D-D438-83933FD2B377">
<createdBy>thear</createdBy>
<createdTime>2024-09-18 02:55:11 UTC</createdTime>
<commentInRDBMS><![CDATA[name of the branch]]></commentInRDBMS>
<generatorID>028613FA-6B5E-7429-D31F-016CE5046A73</generatorID>
<ownerDesignName>rcl_logical</ownerDesignName>
<useDomainConstraints>false</useDomainConstraints>
<use>1</use>
<logicalDatatype>LOGDT024</logicalDatatype>
<dataTypeSize>30</dataTypeSize>
<ownDataTypeParameters>30,,</ownDataTypeParameters>
<autoIncrementCycle>false</autoIncrementCycle>
</Column>
<Column name="branch_address" id="25E0D9E7-FADA-9610-4E1B-6C2FA63FB188">
<createdBy>thear</createdBy>
<createdTime>2024-09-18 02:55:11 UTC</createdTime>
<commentInRDBMS><![CDATA[address of the branch]]></commentInRDBMS>
<generatorID>A49D1219-02CE-79CC-F55B-B2100AEBB44E</generatorID>
<ownerDesignName>rcl_logical</ownerDesignName>
<useDomainConstraints>false</useDomainConstraints>
<use>1</use>
<logicalDatatype>LOGDT024</logicalDatatype>
<dataTypeSize>60</dataTypeSize>
<ownDataTypeParameters>60,,</ownDataTypeParameters>
<autoIncrementCycle>false</autoIncrementCycle>
</Column>
<Column name="branch_phoneno" id="0EF1B87B-306A-76C2-61DA-D6BA2393035C">
<createdBy>thear</createdBy>
<createdTime>2024-09-18 02:55:11 UTC</createdTime>
<commentInRDBMS><![CDATA[phone number of the branch]]></commentInRDBMS>
<generatorID>2F70CBEF-3C73-15E6-86FB-F89EB3CFCADC</generatorID>
<ownerDesignName>rcl_logical</ownerDesignName>
<useDomainConstraints>false</useDomainConstraints>
<use>1</use>
<logicalDatatype>LOGDT025</logicalDatatype>
<dataTypeSize>10</dataTypeSize>
<ownDataTypeParameters>10,,</ownDataTypeParameters>
<autoIncrementCycle>false</autoIncrementCycle>
</Column>
<Column name="lga_code" id="A910916A-A8E6-EF1F-E302-5F5F565E0A9B">
<createdBy>thear</createdBy>
<createdTime>2024-09-18 02:55:11 UTC</createdTime>
<commentInRDBMS><![CDATA[code of the lga]]></commentInRDBMS>
<generatorID>3C69145B-E63F-4E19-346A-5B7D9F9A6985</generatorID>
<ownerDesignName>rcl_logical</ownerDesignName>
<useDomainConstraints>false</useDomainConstraints>
<use>1</use>
<logicalDatatype>LOGDT019</logicalDatatype>
<dataTypePrecision>7</dataTypePrecision>
<ownDataTypeParameters>,,</ownDataTypeParameters>
<previousColumn>false</previousColumn>
<autoIncrementCycle>false</autoIncrementCycle>
<associations>
<colAssociation fkAssociation="8D2B5208-3BA7-BA92-E144-77713B4DE92B" referredColumn="B66A71EC-B3F9-3E99-A7E2-33A823C0505C"/>
</associations>
</Column>
<Column name="manager_id" id="DBE2F5BB-E1FD-92B4-0D03-00EDE9120FF6">
<createdBy>thear</createdBy>
<createdTime>2024-09-18 02:55:11 UTC</createdTime>
<commentInRDBMS><![CDATA[identifier of the manager]]></commentInRDBMS>
<generatorID>7C64A1F8-1BB2-D3C0-345F-04E72ED870E7</generatorID>
<ownerDesignName>rcl_logical</ownerDesignName>
<useDomainConstraints>false</useDomainConstraints>
<use>1</use>
<logicalDatatype>LOGDT019</logicalDatatype>
<dataTypePrecision>7</dataTypePrecision>
<ownDataTypeParameters>,,</ownDataTypeParameters>
<previousColumn>false</previousColumn>
<autoIncrementCycle>false</autoIncrementCycle>
<associations>
<colAssociation fkAssociation="CAD3BB8A-81D7-58A4-2343-A9E3F0280A0E" referredColumn="1F7281AD-B677-2406-20AC-E528604377D7"/>
</associations>
</Column>
</columns>
<indexes itemClass="oracle.dbtools.crest.model.design.relational.Index">
<ind_PK_UK id="3653CC5F-F4C9-2AD4-B505-05A9C9C3B170" name="BRANCH_PK">
<createdBy>thear</createdBy>
<createdTime>2024-09-18 02:55:11 UTC</createdTime>
<generatorID>369137B0-DA11-6FC5-9870-851629F948C6</generatorID>
<ownerDesignName>rcl_logical</ownerDesignName>
<pk>true</pk>
<indexState>Primary Constraint</indexState>
<isSurrogateKey>false</isSurrogateKey>
<indexColumnUsage>
<colUsage columnID="168AC37F-B43C-43A8-F1F0-48F92392E7DC"/>
</indexColumnUsage>
</ind_PK_UK>
<ind_PK_UK id="7A10DF87-561D-21F9-5136-57B1B488E866" name="lga_branch_fk">
<createdBy>thear</createdBy>
<createdTime>2024-09-18 02:55:11 UTC</createdTime>
<generatorID>B68C7429-9E22-D843-42A0-F1F3C4BCA19C</generatorID>
<ownerDesignName>rcl_logical</ownerDesignName>
<indexState>Foreign Key</indexState>
<isSurrogateKey>false</isSurrogateKey>
<indexColumnUsage>
<colUsage columnID="A910916A-A8E6-EF1F-E302-5F5F565E0A9B"/>
</indexColumnUsage>
</ind_PK_UK>
<ind_PK_UK id="0230E985-E256-B7D7-3B39-DFB94A542C25" name="manager_branch_fk">
<createdBy>thear</createdBy>
<createdTime>2024-09-18 02:55:11 UTC</createdTime>
<generatorID>A4579089-0D44-40E5-EAC1-89C7B13DDF61</generatorID>
<ownerDesignName>rcl_logical</ownerDesignName>
<indexState>Foreign Key</indexState>
<isSurrogateKey>false</isSurrogateKey>
<indexColumnUsage>
<colUsage columnID="DBE2F5BB-E1FD-92B4-0D03-00EDE9120FF6"/>
</indexColumnUsage>
</ind_PK_UK>
</indexes>
</Table>
