<?xml version = '1.0' encoding = 'UTF-8'?>
<Table class="oracle.dbtools.crest.model.design.relational.Table" directorySegmentName="seg_0" id="BF01E95F-DAB5-2FF9-2829-1B6450C80BA4" name="LOAN">
<createdBy>thear</createdBy>
<createdTime>2024-09-18 02:55:11 UTC</createdTime>
<generatorID>8E5BAFD5-D99F-D95B-FD40-F62B118D4ED9</generatorID>
<ownerDesignName>rcl_logical</ownerDesignName>
<allowColumnReorder>false</allowColumnReorder>
<existDependencyGenerateInDDl>true</existDependencyGenerateInDDl>
<parsed>true</parsed>
<columns itemClass="oracle.dbtools.crest.model.design.relational.Column">
<Column name="loan_id" id="10B12819-3FEB-08FB-11B7-2FAA7D6F00EB">
<createdBy>thear</createdBy>
<createdTime>2024-09-18 02:55:11 UTC</createdTime>
<commentInRDBMS><![CDATA[identifier of the loan]]></commentInRDBMS>
<generatorID>CF6D4F5A-9DA2-02A1-E37B-C4063C7AECE9</generatorID>
<ownerDesignName>rcl_logical</ownerDesignName>
<useDomainConstraints>false</useDomainConstraints>
<use>1</use>
<logicalDatatype>LOGDT019</logicalDatatype>
<dataTypePrecision>7</dataTypePrecision>
<ownDataTypeParameters>,7,</ownDataTypeParameters>
<autoIncrementCycle>false</autoIncrementCycle>
</Column>
<Column name="branch_code" id="FF0BF827-BB35-76B6-3B1D-36F059EDCA20">
<createdBy>thear</createdBy>
<createdTime>2024-09-18 02:55:11 UTC</createdTime>
<commentInRDBMS><![CDATA[code of the branch]]></commentInRDBMS>
<generatorID>7234CBB8-71D2-1117-BF35-3D8CF0E84A5A</generatorID>
<ownerDesignName>rcl_logical</ownerDesignName>
<useDomainConstraints>false</useDomainConstraints>
<use>1</use>
<logicalDatatype>LOGDT019</logicalDatatype>
<dataTypePrecision>3</dataTypePrecision>
<ownDataTypeParameters>,,</ownDataTypeParameters>
<previousColumn>false</previousColumn>
<autoIncrementCycle>false</autoIncrementCycle>
<associations>
<colAssociation fkAssociation="96351548-E76C-C2BE-C8CC-EA4D0C6421D5" referredColumn="30AFAAC7-AF8B-3E3A-DD04-53697971B55B"/>
</associations>
</Column>
<Column name="bookcopy_id" id="AD58396C-37EB-26AC-B209-8C1EF2B7DBEF">
<createdBy>thear</createdBy>
<createdTime>2024-09-18 02:55:11 UTC</createdTime>
<commentInRDBMS><![CDATA[id of a book]]></commentInRDBMS>
<generatorID>56B96042-CDCD-4137-0DE5-1D1516C66C36</generatorID>
<ownerDesignName>rcl_logical</ownerDesignName>
<useDomainConstraints>false</useDomainConstraints>
<use>1</use>
<logicalDatatype>LOGDT019</logicalDatatype>
<dataTypePrecision>4</dataTypePrecision>
<ownDataTypeParameters>,,</ownDataTypeParameters>
<previousColumn>false</previousColumn>
<autoIncrementCycle>false</autoIncrementCycle>
<associations>
<colAssociation fkAssociation="96351548-E76C-C2BE-C8CC-EA4D0C6421D5" referredColumn="1FB2FC9F-185F-4EEE-89B0-650F78880055"/>
</associations>
</Column>
<Column name="loan_borrow_datetime" id="6BD693B3-28A1-69EB-AC10-E60CFD1DCCB7">
<createdBy>thear</createdBy>
<createdTime>2024-09-18 02:55:11 UTC</createdTime>
<commentInRDBMS><![CDATA[borrow datetime of a loan]]></commentInRDBMS>
<generatorID>AC3CED36-E5D4-273E-2A13-AF447FB25FB8</generatorID>
<ownerDesignName>rcl_logical</ownerDesignName>
<useDomainConstraints>false</useDomainConstraints>
<use>1</use>
<logicalDatatype>LOGDT007</logicalDatatype>
<ownDataTypeParameters>,,</ownDataTypeParameters>
<autoIncrementCycle>false</autoIncrementCycle>
</Column>
<Column name="loan_due_date" id="5C4F2C0C-A558-41A1-2A60-E603A2418DB2">
<createdBy>thear</createdBy>
<createdTime>2024-09-18 02:55:11 UTC</createdTime>
<commentInRDBMS><![CDATA[due date of a loan]]></commentInRDBMS>
<generatorID>6968E06E-5255-5702-2462-097EFC913EF0</generatorID>
<ownerDesignName>rcl_logical</ownerDesignName>
<useDomainConstraints>false</useDomainConstraints>
<use>1</use>
<logicalDatatype>LOGDT007</logicalDatatype>
<ownDataTypeParameters>,,</ownDataTypeParameters>
<autoIncrementCycle>false</autoIncrementCycle>
</Column>
<Column name="loan_return_datetime" id="A544CD03-2793-1E39-15D9-F725942DB09F">
<createdBy>thear</createdBy>
<createdTime>2024-09-18 02:55:11 UTC</createdTime>
<commentInRDBMS><![CDATA[return datetime of a loan]]></commentInRDBMS>
<generatorID>1B68674F-4AD3-F5D6-6B5A-F653CEEA257A</generatorID>
<ownerDesignName>rcl_logical</ownerDesignName>
<nullsAllowed>true</nullsAllowed>
<useDomainConstraints>false</useDomainConstraints>
<use>1</use>
<logicalDatatype>LOGDT007</logicalDatatype>
<ownDataTypeParameters>,,</ownDataTypeParameters>
<autoIncrementCycle>false</autoIncrementCycle>
</Column>
<Column name="borrower_no" id="A9B112EC-01A1-C5EB-72E7-E002C191F7C0">
<createdBy>thear</createdBy>
<createdTime>2024-09-18 02:55:11 UTC</createdTime>
<commentInRDBMS><![CDATA[number of the borrower]]></commentInRDBMS>
<generatorID>64F74A00-B6E1-357F-0EE1-87A852BDD4C5</generatorID>
<ownerDesignName>rcl_logical</ownerDesignName>
<useDomainConstraints>false</useDomainConstraints>
<use>1</use>
<logicalDatatype>LOGDT019</logicalDatatype>
<dataTypePrecision>4</dataTypePrecision>
<ownDataTypeParameters>,,</ownDataTypeParameters>
<previousColumn>false</previousColumn>
<autoIncrementCycle>false</autoIncrementCycle>
<associations>
<colAssociation fkAssociation="EFFB9B6F-D83F-6CE0-A80F-376B585B64CB" referredColumn="22234F71-683F-53A4-5218-F75762182C60"/>
</associations>
</Column>
<Column name="fine_amnt" id="563E6DDB-9BB4-B427-9AAE-7C42CE774160">
<createdBy>thear</createdBy>
<createdTime>2024-09-18 02:55:11 UTC</createdTime>
<commentInRDBMS><![CDATA[fine amount]]></commentInRDBMS>
<generatorID>27A25DE8-640A-92A3-690A-5F6FEBF3A99A</generatorID>
<ownerDesignName>rcl_logical</ownerDesignName>
<nullsAllowed>true</nullsAllowed>
<useDomainConstraints>false</useDomainConstraints>
<use>1</use>
<logicalDatatype>LOGDT024</logicalDatatype>
<dataTypeSize>5</dataTypeSize>
<ownDataTypeParameters>5,,</ownDataTypeParameters>
<autoIncrementCycle>false</autoIncrementCycle>
</Column>
<Column name="fine_paiddate" id="B3FEB1E6-59C6-2EA2-4E73-8BB1B2F527BA">
<createdBy>thear</createdBy>
<createdTime>2024-09-18 02:55:11 UTC</createdTime>
<commentInRDBMS><![CDATA[fine paid date]]></commentInRDBMS>
<generatorID>7E402381-25D6-151C-0DFC-B6FB056B2F74</generatorID>
<ownerDesignName>rcl_logical</ownerDesignName>
<nullsAllowed>true</nullsAllowed>
<useDomainConstraints>false</useDomainConstraints>
<use>1</use>
<logicalDatatype>LOGDT007</logicalDatatype>
<ownDataTypeParameters>,,</ownDataTypeParameters>
<autoIncrementCycle>false</autoIncrementCycle>
</Column>
</columns>
<indexes itemClass="oracle.dbtools.crest.model.design.relational.Index">
<ind_PK_UK id="E3A6E98B-29FB-A8BB-B921-2AE847933FC6" name="LOAN_PK">
<createdBy>thear</createdBy>
<createdTime>2024-09-18 02:55:11 UTC</createdTime>
<generatorID>A7BEE4B8-FBB6-C486-1BDE-C6B2882890FE</generatorID>
<ownerDesignName>rcl_logical</ownerDesignName>
<pk>true</pk>
<indexState>Primary Constraint</indexState>
<isSurrogateKey>false</isSurrogateKey>
<indexColumnUsage>
<colUsage columnID="10B12819-3FEB-08FB-11B7-2FAA7D6F00EB"/>
</indexColumnUsage>
</ind_PK_UK>
<ind_PK_UK id="2D7D9E74-050B-6E36-34BF-59F0531117F6" name="loan_nk">
<createdBy>thear</createdBy>
<createdTime>2024-09-18 02:55:11 UTC</createdTime>
<generatorID>F3116E2E-9FF0-9B4F-FB26-CBA7ECAAEFCF</generatorID>
<ownerDesignName>rcl_logical</ownerDesignName>
<indexState>Unique Constraint</indexState>
<isSurrogateKey>false</isSurrogateKey>
<indexColumnUsage>
<colUsage columnID="FF0BF827-BB35-76B6-3B1D-36F059EDCA20"/>
<colUsage columnID="AD58396C-37EB-26AC-B209-8C1EF2B7DBEF"/>
<colUsage columnID="6BD693B3-28A1-69EB-AC10-E60CFD1DCCB7"/>
</indexColumnUsage>
</ind_PK_UK>
<ind_PK_UK id="8EC15D8A-AF99-6A58-3E2D-917EE5ECF8D6" name="bookcopy_loan_fk">
<createdBy>thear</createdBy>
<createdTime>2024-09-18 02:55:11 UTC</createdTime>
<generatorID>1A7A627A-C504-E840-C631-07A496BC95DA</generatorID>
<ownerDesignName>rcl_logical</ownerDesignName>
<indexState>Foreign Key</indexState>
<isSurrogateKey>false</isSurrogateKey>
<indexColumnUsage>
<colUsage columnID="FF0BF827-BB35-76B6-3B1D-36F059EDCA20"/>
<colUsage columnID="AD58396C-37EB-26AC-B209-8C1EF2B7DBEF"/>
</indexColumnUsage>
</ind_PK_UK>
<ind_PK_UK id="FAC28475-D395-70EC-E08C-D84E18AFBA1A" name="borrower_loan_fk">
<createdBy>thear</createdBy>
<createdTime>2024-09-18 02:55:11 UTC</createdTime>
<generatorID>4B8762BB-2AF4-DE9D-D2CB-4A859292CF70</generatorID>
<ownerDesignName>rcl_logical</ownerDesignName>
<indexState>Foreign Key</indexState>
<isSurrogateKey>false</isSurrogateKey>
<indexColumnUsage>
<colUsage columnID="A9B112EC-01A1-C5EB-72E7-E002C191F7C0"/>
</indexColumnUsage>
</ind_PK_UK>
</indexes>
</Table>
