<?xml version = '1.0' encoding = 'UTF-8'?>
<Table class="oracle.dbtools.crest.model.design.relational.Table" directorySegmentName="seg_0" id="C6187850-10C1-B1BD-99C4-E2DDB5040872" name="AUTHOR">
<createdBy>thear</createdBy>
<createdTime>2024-09-18 02:55:11 UTC</createdTime>
<generatorID>AD9F3CAF-31FD-CA75-DB8E-4B55A544A791</generatorID>
<ownerDesignName>rcl_logical</ownerDesignName>
<allowColumnReorder>false</allowColumnReorder>
<existDependencyGenerateInDDl>true</existDependencyGenerateInDDl>
<parsed>true</parsed>
<columns itemClass="oracle.dbtools.crest.model.design.relational.Column">
<Column name="author_id" id="65C1E6F4-A6BC-A7D9-651D-7D00D54DE531">
<createdBy>thear</createdBy>
<createdTime>2024-09-18 02:55:11 UTC</createdTime>
<commentInRDBMS><![CDATA[author id]]></commentInRDBMS>
<generatorID>8747DA5C-BC8A-A30E-8BFF-00B1FCB293CB</generatorID>
<ownerDesignName>rcl_logical</ownerDesignName>
<useDomainConstraints>false</useDomainConstraints>
<use>1</use>
<logicalDatatype>LOGDT019</logicalDatatype>
<dataTypePrecision>4</dataTypePrecision>
<ownDataTypeParameters>,4,</ownDataTypeParameters>
<autoIncrementCycle>false</autoIncrementCycle>
</Column>
<Column name="author_fname" id="D85C16A2-7716-798E-D82B-F117CF5DF813">
<createdBy>thear</createdBy>
<createdTime>2024-09-18 02:55:11 UTC</createdTime>
<commentInRDBMS><![CDATA[author's first name]]></commentInRDBMS>
<generatorID>431BF15F-0BC6-D3FF-1990-422403D2A758</generatorID>
<ownerDesignName>rcl_logical</ownerDesignName>
<nullsAllowed>true</nullsAllowed>
<useDomainConstraints>false</useDomainConstraints>
<use>1</use>
<logicalDatatype>LOGDT024</logicalDatatype>
<dataTypeSize>20</dataTypeSize>
<ownDataTypeParameters>20,,</ownDataTypeParameters>
<autoIncrementCycle>false</autoIncrementCycle>
</Column>
<Column name="author_lname" id="7A7D2A7B-B68F-08E8-791A-7CD507710324">
<createdBy>thear</createdBy>
<createdTime>2024-09-18 02:55:11 UTC</createdTime>
<commentInRDBMS><![CDATA[author's last name]]></commentInRDBMS>
<generatorID>31525639-0875-A60E-550F-712BE706509D</generatorID>
<ownerDesignName>rcl_logical</ownerDesignName>
<useDomainConstraints>false</useDomainConstraints>
<use>1</use>
<logicalDatatype>LOGDT024</logicalDatatype>
<dataTypeSize>20</dataTypeSize>
<ownDataTypeParameters>20,,</ownDataTypeParameters>
<autoIncrementCycle>false</autoIncrementCycle>
</Column>
</columns>
<indexes itemClass="oracle.dbtools.crest.model.design.relational.Index">
<ind_PK_UK id="1CCFED3B-49EE-52D9-ACE0-6B932DE2E4A7" name="AUTHOR_PK">
<createdBy>thear</createdBy>
<createdTime>2024-09-18 02:55:11 UTC</createdTime>
<generatorID>3D06BE99-10C7-90CE-4C40-41CD3F82D1C8</generatorID>
<ownerDesignName>rcl_logical</ownerDesignName>
<pk>true</pk>
<indexState>Primary Constraint</indexState>
<isSurrogateKey>false</isSurrogateKey>
<indexColumnUsage>
<colUsage columnID="65C1E6F4-A6BC-A7D9-651D-7D00D54DE531"/>
</indexColumnUsage>
</ind_PK_UK>
</indexes>
</Table>
