<?xml version = '1.0' encoding = 'UTF-8'?>
<Diagram class="oracle.dbtools.crest.swingui.relational.DPVRelational" name="Relational_1" id="BC313D1A-024B-0E87-5B99-1B4F92963917">
<createdBy>thear</createdBy>
<modifiedBy>thear</modifiedBy>
<createdTime>2024-09-16 23:15:10 UTC</createdTime>
<autoRoute>false</autoRoute>
<boxInbox>true</boxInbox>
<showLegend>false</showLegend>
<showLabels>false</showLabels>
<showRelAttributes>false</showRelAttributes>
<gridEnabled>false</gridEnabled>
<showGrid>false</showGrid>
<diagramColor>-1</diagramColor>
<display>false</display>
<notation>1</notation>
<objectViews>
<OView class="oracle.dbtools.crest.swingui.relational.TVTable" oid="101FE655-28D6-4BAC-3916-029D77E4AB08" otype="Table" vid="35CE7BB2-815E-FC26-97DC-79610B78DC47">
<hideElementsInCurrentOnly>false</hideElementsInCurrentOnly>
<bounds x="124" y="538" width="245" height="220"/>
</OView>
<OView class="oracle.dbtools.crest.swingui.relational.TVTable" oid="1A2731E1-D0A1-BA48-FE8C-61685154756C" otype="Table" vid="E9F7731B-F404-F618-D7FE-A13C93158379">
<hideElementsInCurrentOnly>false</hideElementsInCurrentOnly>
<bounds x="1001" y="176" width="261" height="102"/>
</OView>
<OView class="oracle.dbtools.crest.swingui.relational.TVTable" oid="1AD4BC92-D893-A9AA-D700-C0777322DEB7" otype="Table" vid="836A8828-535E-35F9-B29B-D5842FF12816">
<hideElementsInCurrentOnly>false</hideElementsInCurrentOnly>
<bounds x="385" y="0" width="225" height="156"/>
</OView>
<OView class="oracle.dbtools.crest.swingui.relational.TVTable" oid="24658FAA-9C1B-6699-7347-595CADF54A83" otype="Table" vid="78FAE700-D819-CCE9-E5F8-B8F9FBC71B5D">
<hideElementsInCurrentOnly>false</hideElementsInCurrentOnly>
<bounds x="140" y="804" width="253" height="108"/>
</OView>
<OView class="oracle.dbtools.crest.swingui.relational.TVTable" oid="364B1D08-8489-29CA-6BCF-0BDB7453547A" otype="Table" vid="3A83BA09-F9FD-F159-7056-55D34AFD11C5">
<hideElementsInCurrentOnly>false</hideElementsInCurrentOnly>
<bounds x="422" y="595" width="208" height="108"/>
</OView>
<OView class="oracle.dbtools.crest.swingui.relational.TVTable" oid="59E7E254-BE35-CDEA-8A9F-190447F7BE0B" otype="Table" vid="911A1F09-8449-AC25-B06F-9CC8EDBFB82C">
<hideElementsInCurrentOnly>false</hideElementsInCurrentOnly>
<bounds x="419" y="415" width="252" height="150"/>
</OView>
<OView class="oracle.dbtools.crest.swingui.relational.TVTable" oid="5BBC8CAB-8184-D2C9-3E13-BD3E042ECA55" otype="Table" vid="38D2D35B-F459-000E-18C6-A134FCEED638">
<hideElementsInCurrentOnly>false</hideElementsInCurrentOnly>
<bounds x="137" y="392" width="211" height="74"/>
</OView>
<OView class="oracle.dbtools.crest.swingui.relational.TVTable" oid="60B241F5-4104-52DB-9F64-1504C04C3F04" otype="Table" vid="DFF7A11E-463D-DFC7-A14C-9318D7ABCEA3">
<hideElementsInCurrentOnly>false</hideElementsInCurrentOnly>
<bounds x="676" y="108" width="226" height="234"/>
</OView>
<OView class="oracle.dbtools.crest.swingui.relational.TVTable" oid="63CDA3CE-5B0C-E2EF-D994-D7F04906BCE9" otype="Table" vid="64D13D5E-B750-BAC0-F760-CBB27C60D227">
<hideElementsInCurrentOnly>false</hideElementsInCurrentOnly>
<bounds x="681" y="362" width="345" height="164"/>
</OView>
<OView class="oracle.dbtools.crest.swingui.relational.TVTable" oid="87917E49-A037-F71E-1E49-A755C79A4887" otype="Table" vid="B1E7D58D-693F-0A6C-33B6-5DB39CA54A1D">
<hideElementsInCurrentOnly>false</hideElementsInCurrentOnly>
<bounds x="433" y="685" width="245" height="108"/>
</OView>
<OView class="oracle.dbtools.crest.swingui.relational.TVTable" oid="AFF73A6D-CBB1-60E4-0B76-4E7823D26364" otype="Table" vid="A4ACB0AD-F9D9-3C1A-9C9F-B417BE1916D9">
<hideElementsInCurrentOnly>false</hideElementsInCurrentOnly>
<bounds x="387" y="205" width="209" height="164"/>
</OView>
<OView class="oracle.dbtools.crest.swingui.relational.TVTable" oid="BAFF8D82-95D0-206D-988D-166DF41A3081" otype="Table" vid="191061E7-7439-CED0-A1CB-E46CA1D3850F">
<hideElementsInCurrentOnly>false</hideElementsInCurrentOnly>
<bounds x="127" y="177" width="225" height="116"/>
</OView>
<OView class="oracle.dbtools.crest.swingui.relational.TVTable" oid="BF01E95F-DAB5-2FF9-2829-1B6450C80BA4" otype="Table" vid="71028B9D-F1AA-6A4F-9ECB-29B244AB8D17">
<hideElementsInCurrentOnly>false</hideElementsInCurrentOnly>
<bounds x="1022" y="477" width="322" height="220"/>
</OView>
<OView class="oracle.dbtools.crest.swingui.relational.TVTable" oid="C6187850-10C1-B1BD-99C4-E2DDB5040872" otype="Table" vid="D23E4629-1D00-D002-47D7-DA59BA6B45C6">
<hideElementsInCurrentOnly>false</hideElementsInCurrentOnly>
<bounds x="674" y="680" width="201" height="88"/>
</OView>
<OView class="oracle.dbtools.crest.swingui.relational.TVTable" oid="CCD30C6E-11F5-A4F5-655C-5F3898543E1B" otype="Table" vid="C7CED3CE-12CE-1552-6737-058BEEF3D134">
<hideElementsInCurrentOnly>false</hideElementsInCurrentOnly>
<bounds x="434" y="797" width="197" height="74"/>
</OView>
</objectViews>
<connectors>
<Connector class="oracle.dbtools.crest.swingui.relational.TVFKRelation" oid="3694459F-352D-25F2-1200-E9B4A8AF4926" otype="FKIndexAssociation" vid_source="C7CED3CE-12CE-1552-6737-058BEEF3D134" vid_target="78FAE700-D819-CCE9-E5F8-B8F9FBC71B5D">
<hideElementsInCurrentOnly>false</hideElementsInCurrentOnly>
<backgroundColor>-16777216</backgroundColor>
<lineWidth>1</lineWidth>
<points>
<point x="434" y="837"/>
<point x="393" y="837"/>
</points>
</Connector>
<Connector class="oracle.dbtools.crest.swingui.relational.TVFKRelation" oid="38CEDAE5-715E-0CB9-ED0C-4464580E4B7C" otype="FKIndexAssociation" vid_source="A4ACB0AD-F9D9-3C1A-9C9F-B417BE1916D9" vid_target="911A1F09-8449-AC25-B06F-9CC8EDBFB82C">
<hideElementsInCurrentOnly>false</hideElementsInCurrentOnly>
<backgroundColor>-16777216</backgroundColor>
<lineWidth>1</lineWidth>
<points>
<point x="507" y="369"/>
<point x="507" y="415"/>
</points>
</Connector>
<Connector class="oracle.dbtools.crest.swingui.relational.TVFKRelation" oid="38E7548C-E977-9FEF-B7E9-72CC9821428E" otype="FKIndexAssociation" vid_source="D23E4629-1D00-D002-47D7-DA59BA6B45C6" vid_target="B1E7D58D-693F-0A6C-33B6-5DB39CA54A1D">
<hideElementsInCurrentOnly>false</hideElementsInCurrentOnly>
<backgroundColor>-16777216</backgroundColor>
<lineWidth>1</lineWidth>
<points>
<point x="674" y="726"/>
<point x="678" y="726"/>
</points>
</Connector>
<Connector class="oracle.dbtools.crest.swingui.relational.TVFKRelation" oid="5C3166B8-D391-D446-76CB-8FC8274DBF5F" otype="FKIndexAssociation" vid_source="35CE7BB2-815E-FC26-97DC-79610B78DC47" vid_target="B1E7D58D-693F-0A6C-33B6-5DB39CA54A1D">
<hideElementsInCurrentOnly>false</hideElementsInCurrentOnly>
<backgroundColor>-16777216</backgroundColor>
<lineWidth>1</lineWidth>
<points>
<point x="369" y="721"/>
<point x="433" y="721"/>
</points>
</Connector>
<Connector class="oracle.dbtools.crest.swingui.relational.TVFKRelation" oid="8D2B5208-3BA7-BA92-E144-77713B4DE92B" otype="FKIndexAssociation" vid_source="191061E7-7439-CED0-A1CB-E46CA1D3850F" vid_target="A4ACB0AD-F9D9-3C1A-9C9F-B417BE1916D9">
<hideElementsInCurrentOnly>false</hideElementsInCurrentOnly>
<backgroundColor>-16777216</backgroundColor>
<lineWidth>1</lineWidth>
<points>
<point x="352" y="249"/>
<point x="387" y="249"/>
</points>
</Connector>
<Connector class="oracle.dbtools.crest.swingui.relational.TVFKRelation" oid="95D3869D-8B15-A22C-0DE7-533E3943BD89" otype="FKIndexAssociation" vid_source="911A1F09-8449-AC25-B06F-9CC8EDBFB82C" vid_target="64D13D5E-B750-BAC0-F760-CBB27C60D227">
<hideElementsInCurrentOnly>false</hideElementsInCurrentOnly>
<backgroundColor>-16777216</backgroundColor>
<lineWidth>1</lineWidth>
<points>
<point x="671" y="470"/>
<point x="681" y="470"/>
</points>
</Connector>
<Connector class="oracle.dbtools.crest.swingui.relational.TVFKRelation" oid="96351548-E76C-C2BE-C8CC-EA4D0C6421D5" otype="FKIndexAssociation" vid_source="911A1F09-8449-AC25-B06F-9CC8EDBFB82C" vid_target="71028B9D-F1AA-6A4F-9ECB-29B244AB8D17">
<hideElementsInCurrentOnly>false</hideElementsInCurrentOnly>
<backgroundColor>-16777216</backgroundColor>
<lineWidth>1</lineWidth>
<points>
<point x="671" y="521"/>
<point x="1022" y="521"/>
</points>
</Connector>
<Connector class="oracle.dbtools.crest.swingui.relational.TVFKRelation" oid="ACF7D0E7-D0A7-FBA2-09D9-A5482ED75AD0" otype="FKIndexAssociation" vid_source="A4ACB0AD-F9D9-3C1A-9C9F-B417BE1916D9" vid_target="836A8828-535E-35F9-B29B-D5842FF12816">
<hideElementsInCurrentOnly>false</hideElementsInCurrentOnly>
<backgroundColor>-16777216</backgroundColor>
<lineWidth>1</lineWidth>
<points>
<point x="491" y="205"/>
<point x="491" y="156"/>
</points>
</Connector>
<Connector class="oracle.dbtools.crest.swingui.relational.TVFKRelation" oid="C23E27C2-C3E7-8FAA-8B65-4DF071941D83" otype="FKIndexAssociation" vid_source="35CE7BB2-815E-FC26-97DC-79610B78DC47" vid_target="3A83BA09-F9FD-F159-7056-55D34AFD11C5">
<hideElementsInCurrentOnly>false</hideElementsInCurrentOnly>
<backgroundColor>-16777216</backgroundColor>
<lineWidth>1</lineWidth>
<points>
<point x="369" y="649"/>
<point x="422" y="649"/>
</points>
</Connector>
<Connector class="oracle.dbtools.crest.swingui.relational.TVFKRelation" oid="C275CB20-3126-8499-BB38-8D916DFF2D55" otype="FKIndexAssociation" vid_source="A4ACB0AD-F9D9-3C1A-9C9F-B417BE1916D9" vid_target="DFF7A11E-463D-DFC7-A14C-9318D7ABCEA3">
<hideElementsInCurrentOnly>false</hideElementsInCurrentOnly>
<backgroundColor>-16777216</backgroundColor>
<lineWidth>1</lineWidth>
<points>
<point x="596" y="273"/>
<point x="676" y="273"/>
</points>
</Connector>
<Connector class="oracle.dbtools.crest.swingui.relational.TVFKRelation" oid="CAD3BB8A-81D7-58A4-2343-A9E3F0280A0E" otype="FKIndexAssociation" vid_source="836A8828-535E-35F9-B29B-D5842FF12816" vid_target="A4ACB0AD-F9D9-3C1A-9C9F-B417BE1916D9">
<hideElementsInCurrentOnly>false</hideElementsInCurrentOnly>
<backgroundColor>-16777216</backgroundColor>
<lineWidth>1</lineWidth>
<points>
<point x="506" y="156"/>
<point x="506" y="205"/>
</points>
</Connector>
<Connector class="oracle.dbtools.crest.swingui.relational.TVFKRelation" oid="D92B1F87-D1BF-611D-1BBD-22B9B1FEF9BC" otype="FKIndexAssociation" vid_source="35CE7BB2-815E-FC26-97DC-79610B78DC47" vid_target="78FAE700-D819-CCE9-E5F8-B8F9FBC71B5D">
<hideElementsInCurrentOnly>false</hideElementsInCurrentOnly>
<backgroundColor>-16777216</backgroundColor>
<lineWidth>1</lineWidth>
<points>
<point x="254" y="758"/>
<point x="254" y="804"/>
</points>
</Connector>
<Connector class="oracle.dbtools.crest.swingui.relational.TVFKRelation" oid="D9CBB22A-D8FD-7F1F-2F78-916B8764C9A8" otype="FKIndexAssociation" vid_source="E9F7731B-F404-F618-D7FE-A13C93158379" vid_target="DFF7A11E-463D-DFC7-A14C-9318D7ABCEA3">
<hideElementsInCurrentOnly>false</hideElementsInCurrentOnly>
<backgroundColor>-16777216</backgroundColor>
<lineWidth>1</lineWidth>
<points>
<point x="1001" y="227"/>
<point x="902" y="227"/>
</points>
</Connector>
<Connector class="oracle.dbtools.crest.swingui.relational.TVFKRelation" oid="E255FC67-51DD-C983-08EC-503FC0FB264F" otype="FKIndexAssociation" vid_source="38D2D35B-F459-000E-18C6-A134FCEED638" vid_target="35CE7BB2-815E-FC26-97DC-79610B78DC47">
<hideElementsInCurrentOnly>false</hideElementsInCurrentOnly>
<backgroundColor>-16777216</backgroundColor>
<lineWidth>1</lineWidth>
<points>
<point x="242" y="466"/>
<point x="242" y="538"/>
</points>
</Connector>
<Connector class="oracle.dbtools.crest.swingui.relational.TVFKRelation" oid="EFFB9B6F-D83F-6CE0-A80F-376B585B64CB" otype="FKIndexAssociation" vid_source="DFF7A11E-463D-DFC7-A14C-9318D7ABCEA3" vid_target="71028B9D-F1AA-6A4F-9ECB-29B244AB8D17">
<hideElementsInCurrentOnly>false</hideElementsInCurrentOnly>
<backgroundColor>-16777216</backgroundColor>
<lineWidth>1</lineWidth>
<points>
<point x="902" y="328"/>
<point x="1063" y="477"/>
</points>
</Connector>
<Connector class="oracle.dbtools.crest.swingui.relational.TVFKRelation" oid="F1424156-36B3-FBD1-301D-70DAD334DC88" otype="FKIndexAssociation" vid_source="3A83BA09-F9FD-F159-7056-55D34AFD11C5" vid_target="911A1F09-8449-AC25-B06F-9CC8EDBFB82C">
<hideElementsInCurrentOnly>false</hideElementsInCurrentOnly>
<backgroundColor>-16777216</backgroundColor>
<lineWidth>1</lineWidth>
<points>
<point x="526" y="595"/>
<point x="526" y="565"/>
</points>
</Connector>
<Connector class="oracle.dbtools.crest.swingui.relational.TVFKRelation" oid="FAD021D7-4471-8992-1643-F0BCA04A847B" otype="FKIndexAssociation" vid_source="DFF7A11E-463D-DFC7-A14C-9318D7ABCEA3" vid_target="64D13D5E-B750-BAC0-F760-CBB27C60D227">
<hideElementsInCurrentOnly>false</hideElementsInCurrentOnly>
<backgroundColor>-16777216</backgroundColor>
<lineWidth>1</lineWidth>
<points>
<point x="791" y="342"/>
<point x="791" y="362"/>
</points>
</Connector>
</connectors>
</Diagram>
