<?xml version = '1.0' encoding = 'UTF-8'?>
<Relation class="oracle.dbtools.crest.model.design.logical.Relation" name="bookcopy_loan_fk" directorySegmentName="seg_0" id="1A7A627A-C504-E840-C631-07A496BC95DA">
<createdBy>Jan</createdBy>
<createdTime>2024-09-17 00:48:32 UTC</createdTime>
<ownerDesignName>rcl_logical</ownerDesignName>
<engineerTo>
<item key="9BC94DEE-4CA9-D854-B80A-16A3173670BB" value="true"/>
</engineerTo>
<sourcePk>B5EF84A5-2079-4211-66EA-8C63287B6319</sourcePk>
<identifying>false</identifying>
<nameOnSource>registered by</nameOnSource>
<nameOnTarget> </nameOnTarget>
<optionalSource>true</optionalSource>
<optionalTarget>false</optionalTarget>
<sourceCardinality>1</sourceCardinality>
<sourceEntity>DB00D152-7E2A-7309-E489-FAA917581F1F</sourceEntity>
<targetCardinalityString>*</targetCardinalityString>
<targetEntity>8E5BAFD5-D99F-D95B-FD40-F62B118D4ED9</targetEntity>
<transferable>true</transferable>
<deleteRule>NO ACTION</deleteRule>
</Relation>
