<?xml version = '1.0' encoding = 'UTF-8'?>
<Relation class="oracle.dbtools.crest.model.design.logical.Relation" name="cat_catsubject" directorySegmentName="seg_0" id="1D465740-AD78-7415-B32A-A3B98A8A9B55">
<createdBy>Jan</createdBy>
<createdTime>2024-09-17 06:37:03 UTC</createdTime>
<ownerDesignName>rcl_logical</ownerDesignName>
<engineerTo>
<item key="9BC94DEE-4CA9-D854-B80A-16A3173670BB" value="true"/>
</engineerTo>
<sourcePk>8C055451-98CE-19C2-B230-B440A71E437A</sourcePk>
<identifying>true</identifying>
<nameOnSource>strores</nameOnSource>
<nameOnTarget> </nameOnTarget>
<optionalSource>false</optionalSource>
<optionalTarget>false</optionalTarget>
<sourceCardinality>1</sourceCardinality>
<sourceEntity>1F15140B-8054-3A1D-51DE-F559336F14EE</sourceEntity>
<targetCardinalityString>*</targetCardinalityString>
<targetEntity>BBE7FA0B-8415-9CB7-4121-466840403C5E</targetEntity>
<transferable>true</transferable>
<deleteRule>NO ACTION</deleteRule>
</Relation>
