<?xml version = '1.0' encoding = 'UTF-8'?>
<Relation class="oracle.dbtools.crest.model.design.logical.Relation" name="catalogue_isbn_fk" directorySegmentName="seg_0" id="3BF1A21D-DC0F-0B7F-3BCA-10A9992BAFFE">
<createdBy>Jan</createdBy>
<createdTime>2024-09-17 00:36:33 UTC</createdTime>
<ownerDesignName>rcl_logical</ownerDesignName>
<engineerTo>
<item key="9BC94DEE-4CA9-D854-B80A-16A3173670BB" value="true"/>
</engineerTo>
<sourcePk>8C055451-98CE-19C2-B230-B440A71E437A</sourcePk>
<identifying>false</identifying>
<nameOnSource>stores</nameOnSource>
<nameOnTarget> </nameOnTarget>
<optionalSource>false</optionalSource>
<optionalTarget>false</optionalTarget>
<sourceCardinality>1</sourceCardinality>
<sourceEntity>1F15140B-8054-3A1D-51DE-F559336F14EE</sourceEntity>
<targetCardinalityString>*</targetCardinalityString>
<targetEntity>F4DB5634-6C8C-9849-FC20-EA24AF08AE00</targetEntity>
<transferable>true</transferable>
<deleteRule>NO ACTION</deleteRule>
</Relation>
