<?xml version = '1.0' encoding = 'UTF-8'?>
<Relation class="oracle.dbtools.crest.model.design.logical.Relation" name="cat_catauthor_fk" directorySegmentName="seg_0" id="44C25DC2-B070-2511-88E4-9168D3B46890">
<createdBy>Jan</createdBy>
<createdTime>2024-09-17 06:31:40 UTC</createdTime>
<ownerDesignName>rcl_logical</ownerDesignName>
<engineerTo>
<item key="9BC94DEE-4CA9-D854-B80A-16A3173670BB" value="true"/>
</engineerTo>
<sourcePk>8C055451-98CE-19C2-B230-B440A71E437A</sourcePk>
<identifying>true</identifying>
<nameOnSource>stores</nameOnSource>
<nameOnTarget> </nameOnTarget>
<optionalSource>false</optionalSource>
<optionalTarget>false</optionalTarget>
<sourceCardinality>1</sourceCardinality>
<sourceEntity>1F15140B-8054-3A1D-51DE-F559336F14EE</sourceEntity>
<targetCardinalityString>*</targetCardinalityString>
<targetEntity>AAA3D386-56DF-BE8B-0EEF-0E9A04C96B2D</targetEntity>
<transferable>true</transferable>
<deleteRule>NO ACTION</deleteRule>
</Relation>
