<?xml version = '1.0' encoding = 'UTF-8'?>
<Relation class="oracle.dbtools.crest.model.design.logical.Relation" name="subject_catsubject_fk" directorySegmentName="seg_0" id="487E9AAE-20F6-9E1A-4ABB-017014653668">
<createdBy>Jan</createdBy>
<createdTime>2024-09-17 06:37:45 UTC</createdTime>
<ownerDesignName>rcl_logical</ownerDesignName>
<engineerTo>
<item key="9BC94DEE-4CA9-D854-B80A-16A3173670BB" value="true"/>
</engineerTo>
<sourcePk>43D572DB-7404-246D-801E-B06F7C1A5ECB</sourcePk>
<identifying>true</identifying>
<nameOnSource>stores</nameOnSource>
<nameOnTarget> </nameOnTarget>
<optionalSource>false</optionalSource>
<optionalTarget>false</optionalTarget>
<sourceCardinality>1</sourceCardinality>
<sourceEntity>CB8F11A2-A6B1-5C29-FB5B-C53081011A54</sourceEntity>
<targetCardinalityString>*</targetCardinalityString>
<targetEntity>BBE7FA0B-8415-9CB7-4121-466840403C5E</targetEntity>
<transferable>true</transferable>
<deleteRule>NO ACTION</deleteRule>
</Relation>
