<?xml version = '1.0' encoding = 'UTF-8'?>
<Relation class="oracle.dbtools.crest.model.design.logical.Relation" name="borrower_loan_fk" directorySegmentName="seg_0" id="4B8762BB-2AF4-DE9D-D2CB-4A859292CF70">
<createdBy>Jan</createdBy>
<createdTime>2024-09-17 00:50:36 UTC</createdTime>
<ownerDesignName>rcl_logical</ownerDesignName>
<engineerTo>
<item key="9BC94DEE-4CA9-D854-B80A-16A3173670BB" value="true"/>
</engineerTo>
<sourcePk>9D4C04ED-384B-2838-6C99-67E263D1AB3E</sourcePk>
<identifying>false</identifying>
<nameOnSource>obtains</nameOnSource>
<nameOnTarget> </nameOnTarget>
<optionalSource>true</optionalSource>
<optionalTarget>false</optionalTarget>
<sourceCardinality>1</sourceCardinality>
<sourceEntity>748CD58E-7201-C761-51D0-DF8B2E5584BD</sourceEntity>
<targetCardinalityString>*</targetCardinalityString>
<targetEntity>8E5BAFD5-D99F-D95B-FD40-F62B118D4ED9</targetEntity>
<transferable>true</transferable>
<deleteRule>NO ACTION</deleteRule>
</Relation>
