<?xml version = '1.0' encoding = 'UTF-8'?>
<Relation class="oracle.dbtools.crest.model.design.logical.Relation" name="bclass_borrower_fk" directorySegmentName="seg_0" id="6AD8AEA6-EBF0-F7A3-6778-ED03EBF99580">
<createdBy>thear</createdBy>
<createdTime>2024-09-17 07:22:00 UTC</createdTime>
<ownerDesignName>rcl_logical</ownerDesignName>
<engineerTo>
<item key="9BC94DEE-4CA9-D854-B80A-16A3173670BB" value="true"/>
</engineerTo>
<sourcePk>7FA47614-34A0-7605-9CAA-F9D1E16165E5</sourcePk>
<identifying>false</identifying>
<nameOnSource>classified</nameOnSource>
<nameOnTarget> </nameOnTarget>
<optionalSource>false</optionalSource>
<optionalTarget>false</optionalTarget>
<sourceCardinality>1</sourceCardinality>
<sourceEntity>3A0ECB99-004B-3433-6C73-6B8EAF26145F</sourceEntity>
<targetCardinalityString>*</targetCardinalityString>
<targetEntity>748CD58E-7201-C761-51D0-DF8B2E5584BD</targetEntity>
<transferable>true</transferable>
<deleteRule>NO ACTION</deleteRule>
</Relation>
