<?xml version = '1.0' encoding = 'UTF-8'?>
<Relation class="oracle.dbtools.crest.model.design.logical.Relation" name="borrower_homebranch_fk" directorySegmentName="seg_0" id="788BEA95-D665-F454-D644-ED1F881F7D7D">
<createdBy>Jan</createdBy>
<createdTime>2024-09-17 00:37:25 UTC</createdTime>
<ownerDesignName>rcl_logical</ownerDesignName>
<engineerTo>
<item key="9BC94DEE-4CA9-D854-B80A-16A3173670BB" value="true"/>
</engineerTo>
<sourcePk>369137B0-DA11-6FC5-9870-851629F948C6</sourcePk>
<identifying>false</identifying>
<nameOnSource>registered in</nameOnSource>
<nameOnTarget> </nameOnTarget>
<optionalSource>true</optionalSource>
<optionalTarget>false</optionalTarget>
<sourceCardinality>1</sourceCardinality>
<sourceEntity>4FF2ABD8-8EFB-55E2-B6F4-5668845FAF98</sourceEntity>
<targetCardinalityString>*</targetCardinalityString>
<targetEntity>748CD58E-7201-C761-51D0-DF8B2E5584BD</targetEntity>
<transferable>true</transferable>
<deleteRule>NO ACTION</deleteRule>
</Relation>
