<?xml version = '1.0' encoding = 'UTF-8'?>
<Relation class="oracle.dbtools.crest.model.design.logical.Relation" name="isbn_bookcopy_fk" directorySegmentName="seg_0" id="A176F03B-C27A-06F2-80DE-F6EEFEA7D7FF">
<createdBy>Jan</createdBy>
<createdTime>2024-09-17 00:51:13 UTC</createdTime>
<ownerDesignName>rcl_logical</ownerDesignName>
<engineerTo>
<item key="9BC94DEE-4CA9-D854-B80A-16A3173670BB" value="true"/>
</engineerTo>
<sourcePk>120875B7-6B40-22C5-75CE-BBCE3C643A21</sourcePk>
<identifying>false</identifying>
<nameOnSource>assigned</nameOnSource>
<nameOnTarget> </nameOnTarget>
<optionalSource>true</optionalSource>
<optionalTarget>false</optionalTarget>
<sourceCardinality>1</sourceCardinality>
<sourceEntity>F4DB5634-6C8C-9849-FC20-EA24AF08AE00</sourceEntity>
<targetCardinalityString>*</targetCardinalityString>
<targetEntity>DB00D152-7E2A-7309-E489-FAA917581F1F</targetEntity>
<transferable>true</transferable>
<deleteRule>NO ACTION</deleteRule>
</Relation>
