<?xml version = '1.0' encoding = 'UTF-8'?>
<Relation class="oracle.dbtools.crest.model.design.logical.Relation" name="manager_branch_fk" directorySegmentName="seg_0" id="A4579089-0D44-40E5-EAC1-89C7B13DDF61">
<createdBy>thear</createdBy>
<createdTime>2024-09-16 23:46:21 UTC</createdTime>
<ownerDesignName>rcl_logical</ownerDesignName>
<engineerTo>
<item key="9BC94DEE-4CA9-D854-B80A-16A3173670BB" value="true"/>
</engineerTo>
<sourcePk>B0FDC85F-6A72-D174-D812-081501926DBB</sourcePk>
<identifying>false</identifying>
<nameOnSource>manages</nameOnSource>
<nameOnTarget> </nameOnTarget>
<optionalSource>false</optionalSource>
<optionalTarget>false</optionalTarget>
<sourceCardinality>1</sourceCardinality>
<sourceEntity>9F7E16E8-610A-415A-A996-44CA07E00DFC</sourceEntity>
<targetCardinalityString>*</targetCardinalityString>
<targetEntity>4FF2ABD8-8EFB-55E2-B6F4-5668845FAF98</targetEntity>
<transferable>true</transferable>
<deleteRule>NO ACTION</deleteRule>
</Relation>
