<?xml version = '1.0' encoding = 'UTF-8'?>
<Relation class="oracle.dbtools.crest.model.design.logical.Relation" name="lga_branch_fk" directorySegmentName="seg_0" id="B68C7429-9E22-D843-42A0-F1F3C4BCA19C">
<createdBy>thear</createdBy>
<createdTime>2024-09-16 23:41:56 UTC</createdTime>
<ownerDesignName>rcl_logical</ownerDesignName>
<engineerTo>
<item key="9BC94DEE-4CA9-D854-B80A-16A3173670BB" value="true"/>
</engineerTo>
<sourcePk>818BAB3B-A78A-6058-9E46-DFFA602BDFE7</sourcePk>
<identifying>false</identifying>
<nameOnSource>has</nameOnSource>
<nameOnTarget> </nameOnTarget>
<optionalSource>false</optionalSource>
<optionalTarget>false</optionalTarget>
<sourceCardinality>1</sourceCardinality>
<sourceEntity>F4FD87FF-2EBB-2C8A-D76D-EB2C36836DB0</sourceEntity>
<targetCardinalityString>*</targetCardinalityString>
<targetEntity>4FF2ABD8-8EFB-55E2-B6F4-5668845FAF98</targetEntity>
<transferable>true</transferable>
<deleteRule>NO ACTION</deleteRule>
</Relation>
