<?xml version = '1.0' encoding = 'UTF-8'?>
<Relation class="oracle.dbtools.crest.model.design.logical.Relation" name="catauthor_author_fk" directorySegmentName="seg_0" id="C196DEAA-5016-9F21-DB30-C5F51C7EF77C">
<createdBy>Jan</createdBy>
<createdTime>2024-09-17 06:33:28 UTC</createdTime>
<ownerDesignName>rcl_logical</ownerDesignName>
<engineerTo>
<item key="9BC94DEE-4CA9-D854-B80A-16A3173670BB" value="true"/>
</engineerTo>
<sourcePk>3D06BE99-10C7-90CE-4C40-41CD3F82D1C8</sourcePk>
<identifying>true</identifying>
<nameOnSource>stores</nameOnSource>
<nameOnTarget> </nameOnTarget>
<optionalSource>false</optionalSource>
<optionalTarget>false</optionalTarget>
<sourceCardinality>1</sourceCardinality>
<sourceEntity>AD9F3CAF-31FD-CA75-DB8E-4B55A544A791</sourceEntity>
<targetCardinalityString>*</targetCardinalityString>
<targetEntity>AAA3D386-56DF-BE8B-0EEF-0E9A04C96B2D</targetEntity>
<transferable>true</transferable>
<deleteRule>NO ACTION</deleteRule>
</Relation>
