<?xml version = '1.0' encoding = 'UTF-8'?>
<Relation class="oracle.dbtools.crest.model.design.logical.Relation" name="branch_bookcopy_fk" directorySegmentName="seg_0" id="DFDE39C5-9D80-2A98-0C19-63F29E550A4C">
<createdBy>Jan</createdBy>
<createdTime>2024-09-17 00:41:49 UTC</createdTime>
<ownerDesignName>rcl_logical</ownerDesignName>
<engineerTo>
<item key="9BC94DEE-4CA9-D854-B80A-16A3173670BB" value="true"/>
</engineerTo>
<sourcePk>369137B0-DA11-6FC5-9870-851629F948C6</sourcePk>
<identifying>true</identifying>
<nameOnSource>has</nameOnSource>
<nameOnTarget> </nameOnTarget>
<optionalSource>true</optionalSource>
<optionalTarget>false</optionalTarget>
<sourceCardinality>1</sourceCardinality>
<sourceEntity>4FF2ABD8-8EFB-55E2-B6F4-5668845FAF98</sourceEntity>
<targetCardinalityString>*</targetCardinalityString>
<targetEntity>DB00D152-7E2A-7309-E489-FAA917581F1F</targetEntity>
<transferable>true</transferable>
<deleteRule>NO ACTION</deleteRule>
</Relation>
