<?xml version = '1.0' encoding = 'UTF-8'?>
<Relation class="oracle.dbtools.crest.model.design.logical.Relation" name="borrower_reservation_fk" directorySegmentName="seg_0" id="F3E1467E-A520-A303-FDCC-B1725FB4F2A4">
<createdBy>Jan</createdBy>
<createdTime>2024-09-17 07:42:23 UTC</createdTime>
<ownerDesignName>rcl_logical</ownerDesignName>
<engineerTo>
<item key="9BC94DEE-4CA9-D854-B80A-16A3173670BB" value="true"/>
</engineerTo>
<sourcePk>9D4C04ED-384B-2838-6C99-67E263D1AB3E</sourcePk>
<identifying>false</identifying>
<nameOnSource>books</nameOnSource>
<nameOnTarget> </nameOnTarget>
<optionalSource>true</optionalSource>
<optionalTarget>false</optionalTarget>
<sourceCardinality>1</sourceCardinality>
<sourceEntity>748CD58E-7201-C761-51D0-DF8B2E5584BD</sourceEntity>
<targetCardinalityString>*</targetCardinalityString>
<targetEntity>E07F6624-EA99-8077-7330-CEA39DF45457</targetEntity>
<transferable>true</transferable>
<deleteRule>NO ACTION</deleteRule>
</Relation>
