<?xml version = '1.0' encoding = 'UTF-8'?>
<Relation class="oracle.dbtools.crest.model.design.logical.Relation" name="publisher_catalogue_fk" directorySegmentName="seg_0" id="FC1A7AFB-4E90-B9B9-6259-131AAD1A8B78">
<createdBy>aquelarchen</createdBy>
<createdTime>2024-09-17 00:25:23 UTC</createdTime>
<ownerDesignName>rcl_logical</ownerDesignName>
<engineerTo>
<item key="9BC94DEE-4CA9-D854-B80A-16A3173670BB" value="true"/>
</engineerTo>
<sourcePk>9C29ECB5-1106-242A-E52D-42911CE136F3</sourcePk>
<targetPk>8C055451-98CE-19C2-B230-B440A71E437A</targetPk>
<identifying>false</identifying>
<nameOnSource>stores</nameOnSource>
<nameOnTarget> </nameOnTarget>
<optionalSource>false</optionalSource>
<optionalTarget>false</optionalTarget>
<sourceCardinality>1</sourceCardinality>
<sourceEntity>35369ECB-E7B4-C257-7BC5-0E414C5A07BE</sourceEntity>
<targetCardinalityString>*</targetCardinalityString>
<targetEntity>1F15140B-8054-3A1D-51DE-F559336F14EE</targetEntity>
<transferable>true</transferable>
<deleteRule>NO ACTION</deleteRule>
</Relation>
