<?xml version = '1.0' encoding = 'UTF-8'?>
<Entity class="oracle.dbtools.crest.model.design.logical.Entity" directorySegmentName="seg_0" id="1F15140B-8054-3A1D-51DE-F559336F14EE" name="CATALOGUE">
<createdBy>aquelarchen</createdBy>
<createdTime>2024-09-17 00:00:50 UTC</createdTime>
<ownerDesignName>rcl_logical</ownerDesignName>
<engineerTo>
<item key="9BC94DEE-4CA9-D854-B80A-16A3173670BB" value="true"/>
</engineerTo>
<adequatelyNormalized>NO</adequatelyNormalized>
<expectedVolumes>0</expectedVolumes>
<fwdEngineeringStrategyName>Single Table</fwdEngineeringStrategyName>
<growthPercent>0</growthPercent>
<growthType>Year</growthType>
<maxVolumes>9999999</maxVolumes>
<minVolumes>0</minVolumes>
<normalForm>Third</normalForm>
<attributes itemClass="oracle.dbtools.crest.model.design.logical.Attribute">
<Attribute name="ctlg_call_no" id="2E385792-1B53-98D6-1DD4-A094DB5F8211">
<createdBy>aquelarchen</createdBy>
<createdTime>2024-09-17 00:01:03 UTC</createdTime>
<commentInRDBMS><![CDATA[catalogue call number]]></commentInRDBMS>
<ownerDesignName>rcl_logical</ownerDesignName>
<engineerTo>
<item key="9BC94DEE-4CA9-D854-B80A-16A3173670BB" value="true"/>
</engineerTo>
<useDomainConstraints>false</useDomainConstraints>
<use>1</use>
<logicalDatatype>LOGDT024</logicalDatatype>
<dataTypeSize>30</dataTypeSize>
<ownDataTypeParameters>30,,</ownDataTypeParameters>
</Attribute>
<Attribute name="ctlg_title" id="9866247D-1D7B-7C09-34B0-303855363C7B">
<createdBy>aquelarchen</createdBy>
<createdTime>2024-09-17 00:03:18 UTC</createdTime>
<commentInRDBMS><![CDATA[catalogue title]]></commentInRDBMS>
<ownerDesignName>rcl_logical</ownerDesignName>
<engineerTo>
<item key="9BC94DEE-4CA9-D854-B80A-16A3173670BB" value="true"/>
</engineerTo>
<useDomainConstraints>false</useDomainConstraints>
<use>1</use>
<logicalDatatype>LOGDT024</logicalDatatype>
<dataTypeSize>30</dataTypeSize>
<ownDataTypeParameters>30,,</ownDataTypeParameters>
</Attribute>
<Attribute name="ctlg_description" id="AC13FE18-EE29-96C5-FEDF-6F789592CF81">
<createdBy>aquelarchen</createdBy>
<createdTime>2024-09-17 00:03:45 UTC</createdTime>
<commentInRDBMS><![CDATA[catalogue description]]></commentInRDBMS>
<ownerDesignName>rcl_logical</ownerDesignName>
<engineerTo>
<item key="9BC94DEE-4CA9-D854-B80A-16A3173670BB" value="true"/>
</engineerTo>
<useDomainConstraints>false</useDomainConstraints>
<use>1</use>
<logicalDatatype>LOGDT024</logicalDatatype>
<dataTypeSize>200</dataTypeSize>
<ownDataTypeParameters>200,,</ownDataTypeParameters>
</Attribute>
<Attribute name="ctlg_publication_year" id="B95C30B2-304C-8119-3BD5-5143CDA00EEF">
<createdBy>aquelarchen</createdBy>
<createdTime>2024-09-17 00:05:29 UTC</createdTime>
<commentInRDBMS><![CDATA[catalogue published year]]></commentInRDBMS>
<ownerDesignName>rcl_logical</ownerDesignName>
<engineerTo>
<item key="9BC94DEE-4CA9-D854-B80A-16A3173670BB" value="true"/>
</engineerTo>
<useDomainConstraints>false</useDomainConstraints>
<use>1</use>
<logicalDatatype>LOGDT007</logicalDatatype>
<ownDataTypeParameters>,,</ownDataTypeParameters>
</Attribute>
<Attribute name="ctlg_classificatioon" id="600E9390-38E3-AEA6-7E2C-05F3DDFB6E74">
<createdBy>aquelarchen</createdBy>
<createdTime>2024-09-17 00:06:25 UTC</createdTime>
<commentInRDBMS><![CDATA[catalogue's classification,R for reference and F for Fiction]]></commentInRDBMS>
<ownerDesignName>rcl_logical</ownerDesignName>
<engineerTo>
<item key="9BC94DEE-4CA9-D854-B80A-16A3173670BB" value="true"/>
</engineerTo>
<constraintName>chk_classification</constraintName>
<useDomainConstraints>false</useDomainConstraints>
<use>1</use>
<logicalDatatype>LOGDT025</logicalDatatype>
<dataTypeSize>1</dataTypeSize>
<listOfValues>
<valueDef value="F" description="Fiction"/>
<valueDef value="R" description="reference"/>
</listOfValues>
<ownDataTypeParameters>1,,</ownDataTypeParameters>
</Attribute>
<Attribute name="ctlg_no_of_pages" id="F92EA122-9889-22A9-0586-4CEC060DFA01">
<createdBy>aquelarchen</createdBy>
<createdTime>2024-09-17 00:11:51 UTC</createdTime>
<commentInRDBMS><![CDATA[the number of pages of the catalogue]]></commentInRDBMS>
<ownerDesignName>rcl_logical</ownerDesignName>
<engineerTo>
<item key="9BC94DEE-4CA9-D854-B80A-16A3173670BB" value="true"/>
</engineerTo>
<useDomainConstraints>false</useDomainConstraints>
<use>1</use>
<logicalDatatype>LOGDT019</logicalDatatype>
<dataTypePrecision>4</dataTypePrecision>
<ownDataTypeParameters>,4,</ownDataTypeParameters>
</Attribute>
<Attribute name="ctlg_reading_level" id="352AFA8B-AB18-9E8D-ADA9-8DD9279E8239">
<createdBy>aquelarchen</createdBy>
<createdTime>2024-09-17 00:12:48 UTC</createdTime>
<commentInRDBMS><![CDATA[catalogue reading level]]></commentInRDBMS>
<ownerDesignName>rcl_logical</ownerDesignName>
<engineerTo>
<item key="9BC94DEE-4CA9-D854-B80A-16A3173670BB" value="true"/>
</engineerTo>
<nullsAllowed>true</nullsAllowed>
<useDomainConstraints>false</useDomainConstraints>
<use>1</use>
<logicalDatatype>LOGDT019</logicalDatatype>
<dataTypePrecision>2</dataTypePrecision>
<ownDataTypeParameters>,2,</ownDataTypeParameters>
<listOfRanges>
<rangeDef class="oracle.dbtools.crest.model.design.constraint.AVT">
<beginValue>1</beginValue>
<endValue>30</endValue>
<description>Reading level for catalogue classifiication</description>
</rangeDef>
</listOfRanges>
</Attribute>
<Attribute name="ctlg_edition" id="6C411078-39A7-B8D5-E36D-AFA1A9352E8A">
<createdBy>thear</createdBy>
<createdTime>2024-09-17 06:16:01 UTC</createdTime>
<commentInRDBMS><![CDATA[edition of the book in catalogue]]></commentInRDBMS>
<ownerDesignName>rcl_logical</ownerDesignName>
<engineerTo>
<item key="9BC94DEE-4CA9-D854-B80A-16A3173670BB" value="true"/>
</engineerTo>
<nullsAllowed>true</nullsAllowed>
<useDomainConstraints>false</useDomainConstraints>
<use>1</use>
<logicalDatatype>LOGDT024</logicalDatatype>
<dataTypeSize>30</dataTypeSize>
<ownDataTypeParameters>30,,</ownDataTypeParameters>
</Attribute>
<Attribute name="ctlg_lang" id="4792BD70-A142-7C33-F6B5-F9E99FA0E0A6">
<createdBy>thear</createdBy>
<createdTime>2024-09-17 06:16:37 UTC</createdTime>
<commentInRDBMS><![CDATA[language of the catalogue]]></commentInRDBMS>
<ownerDesignName>rcl_logical</ownerDesignName>
<engineerTo>
<item key="9BC94DEE-4CA9-D854-B80A-16A3173670BB" value="true"/>
</engineerTo>
<useDomainConstraints>false</useDomainConstraints>
<use>1</use>
<logicalDatatype>LOGDT024</logicalDatatype>
<dataTypeSize>20</dataTypeSize>
<ownDataTypeParameters>20,,</ownDataTypeParameters>
</Attribute>
<Attribute name="ctlg_note" id="1D1A2CAE-7317-6AD3-4839-AA0292E3C00C">
<createdBy>thear</createdBy>
<createdTime>2024-09-17 06:17:07 UTC</createdTime>
<commentInRDBMS><![CDATA[notes about the book in the catalogue]]></commentInRDBMS>
<ownerDesignName>rcl_logical</ownerDesignName>
<engineerTo>
<item key="9BC94DEE-4CA9-D854-B80A-16A3173670BB" value="true"/>
</engineerTo>
<nullsAllowed>true</nullsAllowed>
<useDomainConstraints>false</useDomainConstraints>
<use>1</use>
<logicalDatatype>LOGDT024</logicalDatatype>
<dataTypeSize>100</dataTypeSize>
<ownDataTypeParameters>100,,</ownDataTypeParameters>
</Attribute>
<Attribute name="publisher_id" id="500288AA-E2C2-AD56-90F0-5819727FC0E1">
<createdBy>aquelarchen</createdBy>
<createdTime>2024-09-17 00:27:04 UTC</createdTime>
<commentInRDBMS><![CDATA[id of the publisher]]></commentInRDBMS>
<generatorID>FC1A7AFB-4E90-B9B9-6259-131AAD1A8B78</generatorID>
<ownerDesignName>rcl_logical</ownerDesignName>
<engineerTo>
<item key="9BC94DEE-4CA9-D854-B80A-16A3173670BB" value="true"/>
</engineerTo>
<referedAttribute>E0469633-1061-3F4C-0C12-FB137BF8CEF8</referedAttribute>
<useDomainConstraints>false</useDomainConstraints>
<use>1</use>
<logicalDatatype>LOGDT019</logicalDatatype>
<dataTypePrecision>4</dataTypePrecision>
<ownDataTypeParameters>,4,</ownDataTypeParameters>
</Attribute>
</attributes>
<identifiers itemClass="oracle.dbtools.crest.model.design.logical.CandidateKey">
<identifier id="8C055451-98CE-19C2-B230-B440A71E437A" name="CATALOGUE PK">
<createdBy>aquelarchen</createdBy>
<createdTime>2024-09-17 00:01:33 UTC</createdTime>
<ownerDesignName>rcl_logical</ownerDesignName>
<engineerTo>
<item key="9BC94DEE-4CA9-D854-B80A-16A3173670BB" value="true"/>
</engineerTo>
<pk>true</pk>
<usedAttributes>
<attributeRef>2E385792-1B53-98D6-1DD4-A094DB5F8211</attributeRef>
</usedAttributes>
</identifier>
</identifiers>
</Entity>
