<?xml version = '1.0' encoding = 'UTF-8'?>
<Entity class="oracle.dbtools.crest.model.design.logical.Entity" directorySegmentName="seg_0" id="35369ECB-E7B4-C257-7BC5-0E414C5A07BE" name="PUBLISHER">
<createdBy>aquelarchen</createdBy>
<createdTime>2024-09-16 23:58:06 UTC</createdTime>
<ownerDesignName>rcl_logical</ownerDesignName>
<engineerTo>
<item key="9BC94DEE-4CA9-D854-B80A-16A3173670BB" value="true"/>
</engineerTo>
<adequatelyNormalized>NO</adequatelyNormalized>
<expectedVolumes>0</expectedVolumes>
<fwdEngineeringStrategyName>Single Table</fwdEngineeringStrategyName>
<growthPercent>0</growthPercent>
<growthType>Year</growthType>
<maxVolumes>9999999</maxVolumes>
<minVolumes>0</minVolumes>
<normalForm>Third</normalForm>
<shortName>publisher</shortName>
<attributes itemClass="oracle.dbtools.crest.model.design.logical.Attribute">
<Attribute name="publisher_id" id="E0469633-1061-3F4C-0C12-FB137BF8CEF8">
<createdBy>aquelarchen</createdBy>
<createdTime>2024-09-16 23:58:33 UTC</createdTime>
<commentInRDBMS><![CDATA[id of the publisher]]></commentInRDBMS>
<ownerDesignName>rcl_logical</ownerDesignName>
<engineerTo>
<item key="9BC94DEE-4CA9-D854-B80A-16A3173670BB" value="true"/>
</engineerTo>
<useDomainConstraints>false</useDomainConstraints>
<use>1</use>
<logicalDatatype>LOGDT019</logicalDatatype>
<dataTypePrecision>4</dataTypePrecision>
<ownDataTypeParameters>,4,</ownDataTypeParameters>
</Attribute>
<Attribute name="publisher_name" id="9D0E36EA-0069-F6DA-F69E-655E3B51BC35">
<createdBy>aquelarchen</createdBy>
<createdTime>2024-09-16 23:59:51 UTC</createdTime>
<commentInRDBMS><![CDATA[name of the publisher]]></commentInRDBMS>
<ownerDesignName>rcl_logical</ownerDesignName>
<engineerTo>
<item key="9BC94DEE-4CA9-D854-B80A-16A3173670BB" value="true"/>
</engineerTo>
<useDomainConstraints>false</useDomainConstraints>
<use>1</use>
<logicalDatatype>LOGDT024</logicalDatatype>
<dataTypeSize>30</dataTypeSize>
<ownDataTypeParameters>30,,</ownDataTypeParameters>
</Attribute>
</attributes>
<identifiers itemClass="oracle.dbtools.crest.model.design.logical.CandidateKey">
<identifier id="9C29ECB5-1106-242A-E52D-42911CE136F3" name="PUBLISHER PK">
<createdBy>aquelarchen</createdBy>
<createdTime>2024-09-16 23:59:35 UTC</createdTime>
<ownerDesignName>rcl_logical</ownerDesignName>
<engineerTo>
<item key="9BC94DEE-4CA9-D854-B80A-16A3173670BB" value="true"/>
</engineerTo>
<pk>true</pk>
<usedAttributes>
<attributeRef>E0469633-1061-3F4C-0C12-FB137BF8CEF8</attributeRef>
</usedAttributes>
</identifier>
</identifiers>
</Entity>
