<?xml version = '1.0' encoding = 'UTF-8'?>
<Entity class="oracle.dbtools.crest.model.design.logical.Entity" directorySegmentName="seg_0" id="3A0ECB99-004B-3433-6C73-6B8EAF26145F" name="BORROWER_CLASS">
<createdBy>thear</createdBy>
<createdTime>2024-09-17 07:13:25 UTC</createdTime>
<ownerDesignName>rcl_logical</ownerDesignName>
<engineerTo>
<item key="9BC94DEE-4CA9-D854-B80A-16A3173670BB" value="true"/>
</engineerTo>
<adequatelyNormalized>NO</adequatelyNormalized>
<expectedVolumes>0</expectedVolumes>
<fwdEngineeringStrategyName>Single Table</fwdEngineeringStrategyName>
<growthPercent>0</growthPercent>
<growthType>Year</growthType>
<maxVolumes>9999999</maxVolumes>
<minVolumes>0</minVolumes>
<normalForm>Third</normalForm>
<shortName>bclas</shortName>
<attributes itemClass="oracle.dbtools.crest.model.design.logical.Attribute">
<Attribute name="borrower_class_id" id="DE4F6DFF-F3F2-E314-5C62-7CFAAE4D4CF9">
<createdBy>thear</createdBy>
<createdTime>2024-09-17 07:21:14 UTC</createdTime>
<commentInRDBMS><![CDATA[identifier for class type]]></commentInRDBMS>
<ownerDesignName>rcl_logical</ownerDesignName>
<engineerTo>
<item key="9BC94DEE-4CA9-D854-B80A-16A3173670BB" value="true"/>
</engineerTo>
<useDomainConstraints>false</useDomainConstraints>
<use>1</use>
<logicalDatatype>LOGDT019</logicalDatatype>
<dataTypePrecision>5</dataTypePrecision>
<ownDataTypeParameters>,5,</ownDataTypeParameters>
</Attribute>
<Attribute name="borrower_class_name" id="3F2B94B7-8E11-98B8-6876-CF23BD5971CF">
<createdBy>thear</createdBy>
<createdTime>2024-09-17 07:13:44 UTC</createdTime>
<commentInRDBMS><![CDATA[type of borrower class]]></commentInRDBMS>
<ownerDesignName>rcl_logical</ownerDesignName>
<engineerTo>
<item key="9BC94DEE-4CA9-D854-B80A-16A3173670BB" value="true"/>
</engineerTo>
<useDomainConstraints>false</useDomainConstraints>
<use>1</use>
<logicalDatatype>LOGDT024</logicalDatatype>
<dataTypeSize>30</dataTypeSize>
<ownDataTypeParameters>30,,</ownDataTypeParameters>
</Attribute>
<Attribute name="borrower_class_loanperiod" id="D74338F5-CC6D-DF05-1938-EC9335ECB66A">
<createdBy>thear</createdBy>
<createdTime>2024-09-18 02:34:47 UTC</createdTime>
<commentInRDBMS><![CDATA[loan period of the borrower class]]></commentInRDBMS>
<ownerDesignName>rcl_logical</ownerDesignName>
<engineerTo>
<item key="9BC94DEE-4CA9-D854-B80A-16A3173670BB" value="true"/>
</engineerTo>
<useDomainConstraints>false</useDomainConstraints>
<use>1</use>
<logicalDatatype>LOGDT019</logicalDatatype>
<dataTypePrecision>2</dataTypePrecision>
<ownDataTypeParameters>,2,</ownDataTypeParameters>
</Attribute>
<Attribute name="borrower_class_book_limit" id="AC79666A-FDD7-2CD3-CBDF-A797818D803C">
<createdBy>thear</createdBy>
<createdTime>2024-09-18 02:35:35 UTC</createdTime>
<commentInRDBMS><![CDATA[the number of books a borrower class can loan]]></commentInRDBMS>
<ownerDesignName>rcl_logical</ownerDesignName>
<engineerTo>
<item key="9BC94DEE-4CA9-D854-B80A-16A3173670BB" value="true"/>
</engineerTo>
<useDomainConstraints>false</useDomainConstraints>
<use>1</use>
<logicalDatatype>LOGDT019</logicalDatatype>
<dataTypePrecision>2</dataTypePrecision>
<ownDataTypeParameters>,2,</ownDataTypeParameters>
</Attribute>
</attributes>
<identifiers itemClass="oracle.dbtools.crest.model.design.logical.CandidateKey">
<identifier id="7FA47614-34A0-7605-9CAA-F9D1E16165E5" name="BORROWER_CLASS PK">
<createdBy>thear</createdBy>
<createdTime>2024-09-17 07:21:35 UTC</createdTime>
<ownerDesignName>rcl_logical</ownerDesignName>
<engineerTo>
<item key="9BC94DEE-4CA9-D854-B80A-16A3173670BB" value="true"/>
</engineerTo>
<pk>true</pk>
<usedAttributes>
<attributeRef>DE4F6DFF-F3F2-E314-5C62-7CFAAE4D4CF9</attributeRef>
</usedAttributes>
</identifier>
</identifiers>
</Entity>
