<?xml version = '1.0' encoding = 'UTF-8'?>
<Entity class="oracle.dbtools.crest.model.design.logical.Entity" directorySegmentName="seg_0" id="4FF2ABD8-8EFB-55E2-B6F4-5668845FAF98" name="BRANCH">
<createdBy>thear</createdBy>
<createdTime>2024-09-16 23:40:15 UTC</createdTime>
<ownerDesignName>rcl_logical</ownerDesignName>
<engineerTo>
<item key="9BC94DEE-4CA9-D854-B80A-16A3173670BB" value="true"/>
</engineerTo>
<adequatelyNormalized>NO</adequatelyNormalized>
<expectedVolumes>0</expectedVolumes>
<fwdEngineeringStrategyName>Single Table</fwdEngineeringStrategyName>
<growthPercent>0</growthPercent>
<growthType>Year</growthType>
<maxVolumes>9999999</maxVolumes>
<minVolumes>0</minVolumes>
<normalForm>Third</normalForm>
<shortName>bra</shortName>
<attributes itemClass="oracle.dbtools.crest.model.design.logical.Attribute">
<Attribute name="branch_code" id="98A01FF2-6499-5D89-D328-9CA17D77D076">
<createdBy>thear</createdBy>
<createdTime>2024-09-16 23:40:24 UTC</createdTime>
<commentInRDBMS><![CDATA[code of the branch]]></commentInRDBMS>
<ownerDesignName>rcl_logical</ownerDesignName>
<engineerTo>
<item key="9BC94DEE-4CA9-D854-B80A-16A3173670BB" value="true"/>
</engineerTo>
<useDomainConstraints>false</useDomainConstraints>
<use>1</use>
<logicalDatatype>LOGDT019</logicalDatatype>
<dataTypePrecision>3</dataTypePrecision>
<ownDataTypeParameters>,3,</ownDataTypeParameters>
</Attribute>
<Attribute name="branch_name" id="028613FA-6B5E-7429-D31F-016CE5046A73">
<createdBy>thear</createdBy>
<createdTime>2024-09-16 23:40:43 UTC</createdTime>
<commentInRDBMS><![CDATA[name of the branch]]></commentInRDBMS>
<ownerDesignName>rcl_logical</ownerDesignName>
<engineerTo>
<item key="9BC94DEE-4CA9-D854-B80A-16A3173670BB" value="true"/>
</engineerTo>
<useDomainConstraints>false</useDomainConstraints>
<use>1</use>
<logicalDatatype>LOGDT024</logicalDatatype>
<dataTypeSize>30</dataTypeSize>
<ownDataTypeParameters>30,,</ownDataTypeParameters>
</Attribute>
<Attribute name="branch_address" id="A49D1219-02CE-79CC-F55B-B2100AEBB44E">
<createdBy>thear</createdBy>
<createdTime>2024-09-16 23:40:59 UTC</createdTime>
<commentInRDBMS><![CDATA[address of the branch]]></commentInRDBMS>
<ownerDesignName>rcl_logical</ownerDesignName>
<engineerTo>
<item key="9BC94DEE-4CA9-D854-B80A-16A3173670BB" value="true"/>
</engineerTo>
<useDomainConstraints>false</useDomainConstraints>
<use>1</use>
<logicalDatatype>LOGDT024</logicalDatatype>
<dataTypeSize>60</dataTypeSize>
<ownDataTypeParameters>60,,</ownDataTypeParameters>
</Attribute>
<Attribute name="branch_phoneno" id="2F70CBEF-3C73-15E6-86FB-F89EB3CFCADC">
<createdBy>thear</createdBy>
<createdTime>2024-09-16 23:41:25 UTC</createdTime>
<commentInRDBMS><![CDATA[phone number of the branch]]></commentInRDBMS>
<ownerDesignName>rcl_logical</ownerDesignName>
<engineerTo>
<item key="9BC94DEE-4CA9-D854-B80A-16A3173670BB" value="true"/>
</engineerTo>
<useDomainConstraints>false</useDomainConstraints>
<use>1</use>
<logicalDatatype>LOGDT025</logicalDatatype>
<dataTypeSize>10</dataTypeSize>
<ownDataTypeParameters>10,,</ownDataTypeParameters>
</Attribute>
<Attribute name="lga_code" id="3C69145B-E63F-4E19-346A-5B7D9F9A6985">
<createdBy>thear</createdBy>
<createdTime>2024-09-16 23:41:56 UTC</createdTime>
<commentInRDBMS><![CDATA[code of the lga]]></commentInRDBMS>
<generatorID>B68C7429-9E22-D843-42A0-F1F3C4BCA19C</generatorID>
<ownerDesignName>rcl_logical</ownerDesignName>
<engineerTo>
<item key="9BC94DEE-4CA9-D854-B80A-16A3173670BB" value="true"/>
</engineerTo>
<referedAttribute>ED27DF9D-3A25-90CD-3CE9-EA5E9AB6ECBB</referedAttribute>
<useDomainConstraints>false</useDomainConstraints>
<use>1</use>
<logicalDatatype>LOGDT019</logicalDatatype>
<dataTypePrecision>7</dataTypePrecision>
<ownDataTypeParameters>,7,</ownDataTypeParameters>
</Attribute>
<Attribute name="manager_id" id="7C64A1F8-1BB2-D3C0-345F-04E72ED870E7">
<createdBy>thear</createdBy>
<createdTime>2024-09-16 23:46:21 UTC</createdTime>
<commentInRDBMS><![CDATA[identifier of the manager]]></commentInRDBMS>
<generatorID>A4579089-0D44-40E5-EAC1-89C7B13DDF61</generatorID>
<ownerDesignName>rcl_logical</ownerDesignName>
<engineerTo>
<item key="9BC94DEE-4CA9-D854-B80A-16A3173670BB" value="true"/>
</engineerTo>
<referedAttribute>99AE7C87-1031-802F-2E23-BD66FB520467</referedAttribute>
<useDomainConstraints>false</useDomainConstraints>
<use>1</use>
<logicalDatatype>LOGDT019</logicalDatatype>
<dataTypePrecision>7</dataTypePrecision>
<ownDataTypeParameters>,7,</ownDataTypeParameters>
</Attribute>
</attributes>
<identifiers itemClass="oracle.dbtools.crest.model.design.logical.CandidateKey">
<identifier id="369137B0-DA11-6FC5-9870-851629F948C6" name="BRANCH PK">
<createdBy>thear</createdBy>
<createdTime>2024-09-16 23:40:34 UTC</createdTime>
<ownerDesignName>rcl_logical</ownerDesignName>
<engineerTo>
<item key="9BC94DEE-4CA9-D854-B80A-16A3173670BB" value="true"/>
</engineerTo>
<pk>true</pk>
<usedAttributes>
<attributeRef>98A01FF2-6499-5D89-D328-9CA17D77D076</attributeRef>
</usedAttributes>
</identifier>
</identifiers>
</Entity>
