<?xml version = '1.0' encoding = 'UTF-8'?>
<Entity class="oracle.dbtools.crest.model.design.logical.Entity" directorySegmentName="seg_0" id="748CD58E-7201-C761-51D0-DF8B2E5584BD" name="BORROWER">
<createdBy>Jan</createdBy>
<createdTime>2024-09-17 00:34:14 UTC</createdTime>
<ownerDesignName>rcl_logical</ownerDesignName>
<engineerTo>
<item key="9BC94DEE-4CA9-D854-B80A-16A3173670BB" value="true"/>
</engineerTo>
<adequatelyNormalized>NO</adequatelyNormalized>
<expectedVolumes>0</expectedVolumes>
<fwdEngineeringStrategyName>Single Table</fwdEngineeringStrategyName>
<growthPercent>0</growthPercent>
<growthType>Year</growthType>
<maxVolumes>9999999</maxVolumes>
<minVolumes>0</minVolumes>
<normalForm>Third</normalForm>
<attributes itemClass="oracle.dbtools.crest.model.design.logical.Attribute">
<Attribute name="borrower_no" id="EE3B4AA4-6650-0162-6F2D-F10903884052">
<createdBy>Jan</createdBy>
<createdTime>2024-09-17 00:34:24 UTC</createdTime>
<commentInRDBMS><![CDATA[number of the borrower]]></commentInRDBMS>
<ownerDesignName>rcl_logical</ownerDesignName>
<engineerTo>
<item key="9BC94DEE-4CA9-D854-B80A-16A3173670BB" value="true"/>
</engineerTo>
<useDomainConstraints>false</useDomainConstraints>
<use>1</use>
<logicalDatatype>LOGDT019</logicalDatatype>
<dataTypePrecision>4</dataTypePrecision>
<ownDataTypeParameters>,4,</ownDataTypeParameters>
</Attribute>
<Attribute name="borrower_fname" id="AD773ABC-6EC9-AF0A-F163-A1418DA5CAC8">
<createdBy>Jan</createdBy>
<createdTime>2024-09-17 00:34:56 UTC</createdTime>
<commentInRDBMS><![CDATA[first name of the borrower]]></commentInRDBMS>
<ownerDesignName>rcl_logical</ownerDesignName>
<engineerTo>
<item key="9BC94DEE-4CA9-D854-B80A-16A3173670BB" value="true"/>
</engineerTo>
<nullsAllowed>true</nullsAllowed>
<useDomainConstraints>false</useDomainConstraints>
<use>1</use>
<logicalDatatype>LOGDT024</logicalDatatype>
<dataTypeSize>20</dataTypeSize>
<ownDataTypeParameters>20,,</ownDataTypeParameters>
</Attribute>
<Attribute name="borrower_lname" id="EE268DC0-AFDB-BC4D-3246-2CBE02943975">
<createdBy>Jan</createdBy>
<createdTime>2024-09-17 00:35:24 UTC</createdTime>
<commentInRDBMS><![CDATA[last name of the borrower]]></commentInRDBMS>
<ownerDesignName>rcl_logical</ownerDesignName>
<engineerTo>
<item key="9BC94DEE-4CA9-D854-B80A-16A3173670BB" value="true"/>
</engineerTo>
<nullsAllowed>true</nullsAllowed>
<useDomainConstraints>false</useDomainConstraints>
<use>1</use>
<logicalDatatype>LOGDT024</logicalDatatype>
<dataTypeSize>20</dataTypeSize>
<ownDataTypeParameters>20,,</ownDataTypeParameters>
</Attribute>
<Attribute name="branch_code" id="4A05F5EC-6684-DEB1-A213-015270E49A2C">
<createdBy>Jan</createdBy>
<createdTime>2024-09-17 00:37:25 UTC</createdTime>
<commentInRDBMS><![CDATA[code of the branch]]></commentInRDBMS>
<generatorID>788BEA95-D665-F454-D644-ED1F881F7D7D</generatorID>
<ownerDesignName>rcl_logical</ownerDesignName>
<engineerTo>
<item key="9BC94DEE-4CA9-D854-B80A-16A3173670BB" value="true"/>
</engineerTo>
<referedAttribute>98A01FF2-6499-5D89-D328-9CA17D77D076</referedAttribute>
<useDomainConstraints>false</useDomainConstraints>
<use>1</use>
<logicalDatatype>LOGDT019</logicalDatatype>
<dataTypePrecision>3</dataTypePrecision>
<ownDataTypeParameters>,,</ownDataTypeParameters>
</Attribute>
<Attribute name="borrower_status" id="60E64B59-6965-AA06-5C6A-20ECEEF46BF6">
<createdBy>aquelarchen</createdBy>
<createdTime>2024-09-17 06:45:03 UTC</createdTime>
<commentInRDBMS><![CDATA[status of borrowers, P for permitted and B for banned.]]></commentInRDBMS>
<ownerDesignName>rcl_logical</ownerDesignName>
<engineerTo>
<item key="9BC94DEE-4CA9-D854-B80A-16A3173670BB" value="true"/>
</engineerTo>
<constraintName>chk_borrower_status</constraintName>
<useDomainConstraints>false</useDomainConstraints>
<use>1</use>
<logicalDatatype>LOGDT025</logicalDatatype>
<dataTypeSize>1</dataTypeSize>
<listOfValues>
<valueDef value="B" description="banned"/>
<valueDef value="P" description="permitted"/>
</listOfValues>
<ownDataTypeParameters>1,,</ownDataTypeParameters>
</Attribute>
<Attribute name="borrower_class_id" id="BFB02393-7351-D113-3037-B7E53E5A612D">
<createdBy>thear</createdBy>
<createdTime>2024-09-17 07:22:00 UTC</createdTime>
<commentInRDBMS><![CDATA[identifier for class type]]></commentInRDBMS>
<generatorID>6AD8AEA6-EBF0-F7A3-6778-ED03EBF99580</generatorID>
<ownerDesignName>rcl_logical</ownerDesignName>
<engineerTo>
<item key="9BC94DEE-4CA9-D854-B80A-16A3173670BB" value="true"/>
</engineerTo>
<referedAttribute>DE4F6DFF-F3F2-E314-5C62-7CFAAE4D4CF9</referedAttribute>
<useDomainConstraints>false</useDomainConstraints>
<use>1</use>
<logicalDatatype>LOGDT019</logicalDatatype>
<dataTypePrecision>5</dataTypePrecision>
<ownDataTypeParameters>,,</ownDataTypeParameters>
</Attribute>
<Attribute name="borrower_street" id="DF2B54E4-66B6-06DD-4F4E-CD96C664745F">
<createdBy>thear</createdBy>
<createdTime>2024-09-18 02:21:04 UTC</createdTime>
<commentInRDBMS><![CDATA[street name of the borrower's address]]></commentInRDBMS>
<ownerDesignName>rcl_logical</ownerDesignName>
<engineerTo>
<item key="9BC94DEE-4CA9-D854-B80A-16A3173670BB" value="true"/>
</engineerTo>
<useDomainConstraints>false</useDomainConstraints>
<use>1</use>
<logicalDatatype>LOGDT024</logicalDatatype>
<dataTypeSize>30</dataTypeSize>
<ownDataTypeParameters>30,,</ownDataTypeParameters>
</Attribute>
<Attribute name="borrower_city" id="59511574-ED32-13FF-C9AF-32261A01BE94">
<createdBy>thear</createdBy>
<createdTime>2024-09-18 02:21:36 UTC</createdTime>
<commentInRDBMS><![CDATA[city the borrower resides in]]></commentInRDBMS>
<ownerDesignName>rcl_logical</ownerDesignName>
<engineerTo>
<item key="9BC94DEE-4CA9-D854-B80A-16A3173670BB" value="true"/>
</engineerTo>
<useDomainConstraints>false</useDomainConstraints>
<use>1</use>
<logicalDatatype>LOGDT024</logicalDatatype>
<dataTypeSize>30</dataTypeSize>
<ownDataTypeParameters>30,,</ownDataTypeParameters>
</Attribute>
<Attribute name="borrower_state" id="6808D20F-6EE0-1143-1DA6-67D5172816D8">
<createdBy>thear</createdBy>
<createdTime>2024-09-18 02:22:05 UTC</createdTime>
<commentInRDBMS><![CDATA[state the borrower resides in]]></commentInRDBMS>
<ownerDesignName>rcl_logical</ownerDesignName>
<engineerTo>
<item key="9BC94DEE-4CA9-D854-B80A-16A3173670BB" value="true"/>
</engineerTo>
<useDomainConstraints>false</useDomainConstraints>
<use>1</use>
<logicalDatatype>LOGDT025</logicalDatatype>
<dataTypeSize>3</dataTypeSize>
<ownDataTypeParameters>3,,</ownDataTypeParameters>
</Attribute>
<Attribute name="borrower_zipcode" id="A2589F30-0522-4A70-3329-0F7EDF0AD8FC">
<createdBy>thear</createdBy>
<createdTime>2024-09-18 02:22:33 UTC</createdTime>
<commentInRDBMS><![CDATA[zipcode of the borrower]]></commentInRDBMS>
<ownerDesignName>rcl_logical</ownerDesignName>
<engineerTo>
<item key="9BC94DEE-4CA9-D854-B80A-16A3173670BB" value="true"/>
</engineerTo>
<useDomainConstraints>false</useDomainConstraints>
<use>1</use>
<logicalDatatype>LOGDT025</logicalDatatype>
<dataTypeSize>4</dataTypeSize>
<ownDataTypeParameters>4,,</ownDataTypeParameters>
</Attribute>
<Attribute name="borrower_phoneno" id="FE289CF3-266C-1128-4C03-16778E400F3A">
<createdBy>thear</createdBy>
<createdTime>2024-09-17 10:35:15 UTC</createdTime>
<commentInRDBMS><![CDATA[phone number of the borrower]]></commentInRDBMS>
<ownerDesignName>rcl_logical</ownerDesignName>
<engineerTo>
<item key="9BC94DEE-4CA9-D854-B80A-16A3173670BB" value="true"/>
</engineerTo>
<nullsAllowed>true</nullsAllowed>
<useDomainConstraints>false</useDomainConstraints>
<use>1</use>
<logicalDatatype>LOGDT025</logicalDatatype>
<dataTypeSize>10</dataTypeSize>
<ownDataTypeParameters>10,,</ownDataTypeParameters>
</Attribute>
</attributes>
<identifiers itemClass="oracle.dbtools.crest.model.design.logical.CandidateKey">
<identifier id="9D4C04ED-384B-2838-6C99-67E263D1AB3E" name="BORROWER PK">
<createdBy>Jan</createdBy>
<createdTime>2024-09-17 00:34:48 UTC</createdTime>
<ownerDesignName>rcl_logical</ownerDesignName>
<engineerTo>
<item key="9BC94DEE-4CA9-D854-B80A-16A3173670BB" value="true"/>
</engineerTo>
<pk>true</pk>
<usedAttributes>
<attributeRef>EE3B4AA4-6650-0162-6F2D-F10903884052</attributeRef>
</usedAttributes>
</identifier>
</identifiers>
</Entity>
