<?xml version = '1.0' encoding = 'UTF-8'?>
<Entity class="oracle.dbtools.crest.model.design.logical.Entity" directorySegmentName="seg_0" id="8E5BAFD5-D99F-D95B-FD40-F62B118D4ED9" name="LOAN">
<createdBy>Jan</createdBy>
<createdTime>2024-09-17 00:46:41 UTC</createdTime>
<ownerDesignName>rcl_logical</ownerDesignName>
<engineerTo>
<item key="9BC94DEE-4CA9-D854-B80A-16A3173670BB" value="true"/>
</engineerTo>
<adequatelyNormalized>NO</adequatelyNormalized>
<expectedVolumes>0</expectedVolumes>
<fwdEngineeringStrategyName>Single Table</fwdEngineeringStrategyName>
<growthPercent>0</growthPercent>
<growthType>Year</growthType>
<maxVolumes>9999999</maxVolumes>
<minVolumes>0</minVolumes>
<normalForm>Third</normalForm>
<attributes itemClass="oracle.dbtools.crest.model.design.logical.Attribute">
<Attribute name="loan_id" id="CF6D4F5A-9DA2-02A1-E37B-C4063C7AECE9">
<createdBy>thear</createdBy>
<createdTime>2024-09-17 11:12:27 UTC</createdTime>
<commentInRDBMS><![CDATA[identifier of the loan]]></commentInRDBMS>
<ownerDesignName>rcl_logical</ownerDesignName>
<engineerTo>
<item key="9BC94DEE-4CA9-D854-B80A-16A3173670BB" value="true"/>
</engineerTo>
<useDomainConstraints>false</useDomainConstraints>
<use>1</use>
<logicalDatatype>LOGDT019</logicalDatatype>
<dataTypePrecision>7</dataTypePrecision>
<ownDataTypeParameters>,7,</ownDataTypeParameters>
</Attribute>
<Attribute name="branch_code" id="7234CBB8-71D2-1117-BF35-3D8CF0E84A5A">
<createdBy>Jan</createdBy>
<createdTime>2024-09-17 00:48:32 UTC</createdTime>
<commentInRDBMS><![CDATA[code of the branch]]></commentInRDBMS>
<generatorID>1A7A627A-C504-E840-C631-07A496BC95DA</generatorID>
<ownerDesignName>rcl_logical</ownerDesignName>
<engineerTo>
<item key="9BC94DEE-4CA9-D854-B80A-16A3173670BB" value="true"/>
</engineerTo>
<referedAttribute>B8C929B0-BFD3-E40D-AB0D-D5368B4AD2A9</referedAttribute>
<useDomainConstraints>false</useDomainConstraints>
<use>1</use>
<logicalDatatype>LOGDT019</logicalDatatype>
<dataTypePrecision>3</dataTypePrecision>
<ownDataTypeParameters>,3,</ownDataTypeParameters>
</Attribute>
<Attribute name="bookcopy_id" id="56B96042-CDCD-4137-0DE5-1D1516C66C36">
<createdBy>Jan</createdBy>
<createdTime>2024-09-17 00:48:32 UTC</createdTime>
<commentInRDBMS><![CDATA[id of a book]]></commentInRDBMS>
<generatorID>1A7A627A-C504-E840-C631-07A496BC95DA</generatorID>
<ownerDesignName>rcl_logical</ownerDesignName>
<engineerTo>
<item key="9BC94DEE-4CA9-D854-B80A-16A3173670BB" value="true"/>
</engineerTo>
<referedAttribute>EAA11C61-FBAF-FF51-1A53-D27AD689A3CE</referedAttribute>
<useDomainConstraints>false</useDomainConstraints>
<use>1</use>
<logicalDatatype>LOGDT019</logicalDatatype>
<dataTypePrecision>4</dataTypePrecision>
<ownDataTypeParameters>,4,</ownDataTypeParameters>
</Attribute>
<Attribute name="loan_borrow_datetime" id="AC3CED36-E5D4-273E-2A13-AF447FB25FB8">
<createdBy>Jan</createdBy>
<createdTime>2024-09-17 00:49:08 UTC</createdTime>
<commentInRDBMS><![CDATA[borrow datetime of a loan]]></commentInRDBMS>
<ownerDesignName>rcl_logical</ownerDesignName>
<engineerTo>
<item key="9BC94DEE-4CA9-D854-B80A-16A3173670BB" value="true"/>
</engineerTo>
<useDomainConstraints>false</useDomainConstraints>
<use>1</use>
<logicalDatatype>LOGDT007</logicalDatatype>
<ownDataTypeParameters>,,</ownDataTypeParameters>
</Attribute>
<Attribute name="loan_due_date" id="6968E06E-5255-5702-2462-097EFC913EF0">
<createdBy>Jan</createdBy>
<createdTime>2024-09-17 00:49:32 UTC</createdTime>
<commentInRDBMS><![CDATA[due date of a loan]]></commentInRDBMS>
<ownerDesignName>rcl_logical</ownerDesignName>
<engineerTo>
<item key="9BC94DEE-4CA9-D854-B80A-16A3173670BB" value="true"/>
</engineerTo>
<useDomainConstraints>false</useDomainConstraints>
<use>1</use>
<logicalDatatype>LOGDT007</logicalDatatype>
<ownDataTypeParameters>,,</ownDataTypeParameters>
</Attribute>
<Attribute name="loan_return_datetime" id="1B68674F-4AD3-F5D6-6B5A-F653CEEA257A">
<createdBy>Jan</createdBy>
<createdTime>2024-09-17 00:49:58 UTC</createdTime>
<commentInRDBMS><![CDATA[return datetime of a loan]]></commentInRDBMS>
<ownerDesignName>rcl_logical</ownerDesignName>
<engineerTo>
<item key="9BC94DEE-4CA9-D854-B80A-16A3173670BB" value="true"/>
</engineerTo>
<nullsAllowed>true</nullsAllowed>
<useDomainConstraints>false</useDomainConstraints>
<use>1</use>
<logicalDatatype>LOGDT007</logicalDatatype>
<ownDataTypeParameters>,,</ownDataTypeParameters>
</Attribute>
<Attribute name="borrower_no" id="64F74A00-B6E1-357F-0EE1-87A852BDD4C5">
<createdBy>Jan</createdBy>
<createdTime>2024-09-17 00:50:36 UTC</createdTime>
<commentInRDBMS><![CDATA[number of the borrower]]></commentInRDBMS>
<generatorID>4B8762BB-2AF4-DE9D-D2CB-4A859292CF70</generatorID>
<ownerDesignName>rcl_logical</ownerDesignName>
<engineerTo>
<item key="9BC94DEE-4CA9-D854-B80A-16A3173670BB" value="true"/>
</engineerTo>
<referedAttribute>EE3B4AA4-6650-0162-6F2D-F10903884052</referedAttribute>
<useDomainConstraints>false</useDomainConstraints>
<use>1</use>
<logicalDatatype>LOGDT019</logicalDatatype>
<dataTypePrecision>4</dataTypePrecision>
<ownDataTypeParameters>,4,</ownDataTypeParameters>
</Attribute>
<Attribute name="fine_amnt" id="27A25DE8-640A-92A3-690A-5F6FEBF3A99A">
<createdBy>aquelarchen</createdBy>
<createdTime>2024-09-17 06:49:52 UTC</createdTime>
<commentInRDBMS><![CDATA[fine amount]]></commentInRDBMS>
<ownerDesignName>rcl_logical</ownerDesignName>
<engineerTo>
<item key="9BC94DEE-4CA9-D854-B80A-16A3173670BB" value="true"/>
</engineerTo>
<nullsAllowed>true</nullsAllowed>
<useDomainConstraints>false</useDomainConstraints>
<use>1</use>
<logicalDatatype>LOGDT024</logicalDatatype>
<dataTypeSize>5</dataTypeSize>
<ownDataTypeParameters>5,,</ownDataTypeParameters>
</Attribute>
<Attribute name="fine_paiddate" id="7E402381-25D6-151C-0DFC-B6FB056B2F74">
<createdBy>aquelarchen</createdBy>
<createdTime>2024-09-17 06:51:37 UTC</createdTime>
<commentInRDBMS><![CDATA[fine paid date]]></commentInRDBMS>
<ownerDesignName>rcl_logical</ownerDesignName>
<engineerTo>
<item key="9BC94DEE-4CA9-D854-B80A-16A3173670BB" value="true"/>
</engineerTo>
<nullsAllowed>true</nullsAllowed>
<useDomainConstraints>false</useDomainConstraints>
<use>1</use>
<logicalDatatype>LOGDT007</logicalDatatype>
<ownDataTypeParameters>,,</ownDataTypeParameters>
</Attribute>
</attributes>
<identifiers itemClass="oracle.dbtools.crest.model.design.logical.CandidateKey">
<identifier id="A7BEE4B8-FBB6-C486-1BDE-C6B2882890FE" name="LOAN PK">
<createdBy>Jan</createdBy>
<createdTime>2024-09-17 00:48:32 UTC</createdTime>
<ownerDesignName>rcl_logical</ownerDesignName>
<engineerTo>
<item key="9BC94DEE-4CA9-D854-B80A-16A3173670BB" value="true"/>
</engineerTo>
<pk>true</pk>
<usedAttributes>
<attributeRef>CF6D4F5A-9DA2-02A1-E37B-C4063C7AECE9</attributeRef>
</usedAttributes>
</identifier>
<identifier id="F3116E2E-9FF0-9B4F-FB26-CBA7ECAAEFCF" name="loan_nk">
<createdBy>thear</createdBy>
<createdTime>2024-09-17 11:13:37 UTC</createdTime>
<ownerDesignName>rcl_logical</ownerDesignName>
<engineerTo>
<item key="9BC94DEE-4CA9-D854-B80A-16A3173670BB" value="true"/>
</engineerTo>
<newElementsIDs>7234CBB8-71D2-1117-BF35-3D8CF0E84A5A,56B96042-CDCD-4137-0DE5-1D1516C66C36,AC3CED36-E5D4-273E-2A13-AF447FB25FB8</newElementsIDs>
<usedAttributes>
<attributeRef>7234CBB8-71D2-1117-BF35-3D8CF0E84A5A</attributeRef>
<attributeRef>56B96042-CDCD-4137-0DE5-1D1516C66C36</attributeRef>
<attributeRef>AC3CED36-E5D4-273E-2A13-AF447FB25FB8</attributeRef>
</usedAttributes>
</identifier>
</identifiers>
</Entity>
