<?xml version = '1.0' encoding = 'UTF-8'?>
<Entity class="oracle.dbtools.crest.model.design.logical.Entity" directorySegmentName="seg_0" id="AAA3D386-56DF-BE8B-0EEF-0E9A04C96B2D" name="CAT_AUTHOR">
<createdBy>Jan</createdBy>
<createdTime>2024-09-17 06:31:20 UTC</createdTime>
<ownerDesignName>rcl_logical</ownerDesignName>
<engineerTo>
<item key="9BC94DEE-4CA9-D854-B80A-16A3173670BB" value="true"/>
</engineerTo>
<adequatelyNormalized>NO</adequatelyNormalized>
<expectedVolumes>0</expectedVolumes>
<fwdEngineeringStrategyName>Single Table</fwdEngineeringStrategyName>
<growthPercent>0</growthPercent>
<growthType>Year</growthType>
<maxVolumes>9999999</maxVolumes>
<minVolumes>0</minVolumes>
<normalForm>Third</normalForm>
<attributes itemClass="oracle.dbtools.crest.model.design.logical.Attribute">
<Attribute name="ctlg_call_no" id="61B95369-962D-DB18-6487-014CBCEF94C3">
<createdBy>Jan</createdBy>
<createdTime>2024-09-17 06:31:40 UTC</createdTime>
<commentInRDBMS><![CDATA[catalogue call number]]></commentInRDBMS>
<generatorID>44C25DC2-B070-2511-88E4-9168D3B46890</generatorID>
<ownerDesignName>rcl_logical</ownerDesignName>
<engineerTo>
<item key="9BC94DEE-4CA9-D854-B80A-16A3173670BB" value="true"/>
</engineerTo>
<referedAttribute>2E385792-1B53-98D6-1DD4-A094DB5F8211</referedAttribute>
<useDomainConstraints>false</useDomainConstraints>
<use>1</use>
<logicalDatatype>LOGDT024</logicalDatatype>
<dataTypeSize>30</dataTypeSize>
<ownDataTypeParameters>,,</ownDataTypeParameters>
</Attribute>
<Attribute name="author_id" id="C2B06138-25D6-55D4-64B9-D80E9CB3AD10">
<createdBy>Jan</createdBy>
<createdTime>2024-09-17 06:33:28 UTC</createdTime>
<commentInRDBMS><![CDATA[author id]]></commentInRDBMS>
<generatorID>C196DEAA-5016-9F21-DB30-C5F51C7EF77C</generatorID>
<ownerDesignName>rcl_logical</ownerDesignName>
<engineerTo>
<item key="9BC94DEE-4CA9-D854-B80A-16A3173670BB" value="true"/>
</engineerTo>
<referedAttribute>8747DA5C-BC8A-A30E-8BFF-00B1FCB293CB</referedAttribute>
<useDomainConstraints>false</useDomainConstraints>
<use>1</use>
<logicalDatatype>LOGDT019</logicalDatatype>
<dataTypePrecision>4</dataTypePrecision>
<ownDataTypeParameters>,,</ownDataTypeParameters>
</Attribute>
</attributes>
<identifiers itemClass="oracle.dbtools.crest.model.design.logical.CandidateKey">
<identifier id="BC606678-DF6A-7742-5547-02082D1DE4CF" name="CAT_AUTHOR PK">
<createdBy>Jan</createdBy>
<createdTime>2024-09-17 06:31:40 UTC</createdTime>
<ownerDesignName>rcl_logical</ownerDesignName>
<engineerTo>
<item key="9BC94DEE-4CA9-D854-B80A-16A3173670BB" value="true"/>
</engineerTo>
<pk>true</pk>
<usedAttributes>
<attributeRef>61B95369-962D-DB18-6487-014CBCEF94C3</attributeRef>
<attributeRef>C2B06138-25D6-55D4-64B9-D80E9CB3AD10</attributeRef>
</usedAttributes>
</identifier>
</identifiers>
</Entity>
