<?xml version = '1.0' encoding = 'UTF-8'?>
<Entity class="oracle.dbtools.crest.model.design.logical.Entity" directorySegmentName="seg_0" id="AD9F3CAF-31FD-CA75-DB8E-4B55A544A791" name="AUTHOR">
<createdBy>aquelarchen</createdBy>
<createdTime>2024-09-17 00:15:38 UTC</createdTime>
<ownerDesignName>rcl_logical</ownerDesignName>
<engineerTo>
<item key="9BC94DEE-4CA9-D854-B80A-16A3173670BB" value="true"/>
</engineerTo>
<adequatelyNormalized>NO</adequatelyNormalized>
<expectedVolumes>0</expectedVolumes>
<fwdEngineeringStrategyName>Single Table</fwdEngineeringStrategyName>
<growthPercent>0</growthPercent>
<growthType>Year</growthType>
<maxVolumes>9999999</maxVolumes>
<minVolumes>0</minVolumes>
<normalForm>Third</normalForm>
<attributes itemClass="oracle.dbtools.crest.model.design.logical.Attribute">
<Attribute name="author_id" id="8747DA5C-BC8A-A30E-8BFF-00B1FCB293CB">
<createdBy>aquelarchen</createdBy>
<createdTime>2024-09-17 00:15:55 UTC</createdTime>
<commentInRDBMS><![CDATA[author id]]></commentInRDBMS>
<ownerDesignName>rcl_logical</ownerDesignName>
<engineerTo>
<item key="9BC94DEE-4CA9-D854-B80A-16A3173670BB" value="true"/>
</engineerTo>
<useDomainConstraints>false</useDomainConstraints>
<use>1</use>
<logicalDatatype>LOGDT019</logicalDatatype>
<dataTypePrecision>4</dataTypePrecision>
<ownDataTypeParameters>,4,</ownDataTypeParameters>
</Attribute>
<Attribute name="author_fname" id="431BF15F-0BC6-D3FF-1990-422403D2A758">
<createdBy>aquelarchen</createdBy>
<createdTime>2024-09-17 00:16:20 UTC</createdTime>
<commentInRDBMS><![CDATA[author's first name]]></commentInRDBMS>
<ownerDesignName>rcl_logical</ownerDesignName>
<engineerTo>
<item key="9BC94DEE-4CA9-D854-B80A-16A3173670BB" value="true"/>
</engineerTo>
<nullsAllowed>true</nullsAllowed>
<useDomainConstraints>false</useDomainConstraints>
<use>1</use>
<logicalDatatype>LOGDT024</logicalDatatype>
<dataTypeSize>20</dataTypeSize>
<ownDataTypeParameters>20,,</ownDataTypeParameters>
</Attribute>
<Attribute name="author_lname" id="31525639-0875-A60E-550F-712BE706509D">
<createdBy>aquelarchen</createdBy>
<createdTime>2024-09-17 00:17:02 UTC</createdTime>
<commentInRDBMS><![CDATA[author's last name]]></commentInRDBMS>
<ownerDesignName>rcl_logical</ownerDesignName>
<engineerTo>
<item key="9BC94DEE-4CA9-D854-B80A-16A3173670BB" value="true"/>
</engineerTo>
<useDomainConstraints>false</useDomainConstraints>
<use>1</use>
<logicalDatatype>LOGDT024</logicalDatatype>
<dataTypeSize>20</dataTypeSize>
<ownDataTypeParameters>20,,</ownDataTypeParameters>
</Attribute>
</attributes>
<identifiers itemClass="oracle.dbtools.crest.model.design.logical.CandidateKey">
<identifier id="3D06BE99-10C7-90CE-4C40-41CD3F82D1C8" name="AUTHOR PK">
<createdBy>aquelarchen</createdBy>
<createdTime>2024-09-17 00:16:06 UTC</createdTime>
<ownerDesignName>rcl_logical</ownerDesignName>
<engineerTo>
<item key="9BC94DEE-4CA9-D854-B80A-16A3173670BB" value="true"/>
</engineerTo>
<pk>true</pk>
<usedAttributes>
<attributeRef>8747DA5C-BC8A-A30E-8BFF-00B1FCB293CB</attributeRef>
</usedAttributes>
</identifier>
</identifiers>
</Entity>
