<?xml version = '1.0' encoding = 'UTF-8'?>
<Entity class="oracle.dbtools.crest.model.design.logical.Entity" directorySegmentName="seg_0" id="BBE7FA0B-8415-9CB7-4121-466840403C5E" name="CAT_SUBJECT">
<createdBy>Jan</createdBy>
<createdTime>2024-09-17 06:36:43 UTC</createdTime>
<ownerDesignName>rcl_logical</ownerDesignName>
<engineerTo>
<item key="9BC94DEE-4CA9-D854-B80A-16A3173670BB" value="true"/>
</engineerTo>
<adequatelyNormalized>NO</adequatelyNormalized>
<expectedVolumes>0</expectedVolumes>
<fwdEngineeringStrategyName>Single Table</fwdEngineeringStrategyName>
<growthPercent>0</growthPercent>
<growthType>Year</growthType>
<maxVolumes>9999999</maxVolumes>
<minVolumes>0</minVolumes>
<normalForm>Third</normalForm>
<attributes itemClass="oracle.dbtools.crest.model.design.logical.Attribute">
<Attribute name="ctlg_call_no" id="E468D0D9-D8B0-77B1-3305-AAF75CEAACB4">
<createdBy>Jan</createdBy>
<createdTime>2024-09-17 06:37:03 UTC</createdTime>
<commentInRDBMS><![CDATA[catalogue call number]]></commentInRDBMS>
<generatorID>1D465740-AD78-7415-B32A-A3B98A8A9B55</generatorID>
<ownerDesignName>rcl_logical</ownerDesignName>
<engineerTo>
<item key="9BC94DEE-4CA9-D854-B80A-16A3173670BB" value="true"/>
</engineerTo>
<referedAttribute>2E385792-1B53-98D6-1DD4-A094DB5F8211</referedAttribute>
<useDomainConstraints>false</useDomainConstraints>
<use>1</use>
<logicalDatatype>LOGDT024</logicalDatatype>
<dataTypeSize>30</dataTypeSize>
<ownDataTypeParameters>,,</ownDataTypeParameters>
</Attribute>
<Attribute name="subject_id" id="3E968584-FE06-4D2F-C254-F729459091F3">
<createdBy>Jan</createdBy>
<createdTime>2024-09-17 06:37:45 UTC</createdTime>
<commentInRDBMS><![CDATA[id of the subject]]></commentInRDBMS>
<generatorID>487E9AAE-20F6-9E1A-4ABB-017014653668</generatorID>
<ownerDesignName>rcl_logical</ownerDesignName>
<engineerTo>
<item key="9BC94DEE-4CA9-D854-B80A-16A3173670BB" value="true"/>
</engineerTo>
<referedAttribute>C45D7E91-3031-1C37-5A9C-08DE534C389D</referedAttribute>
<useDomainConstraints>false</useDomainConstraints>
<use>1</use>
<logicalDatatype>LOGDT019</logicalDatatype>
<dataTypePrecision>4</dataTypePrecision>
<ownDataTypeParameters>,,</ownDataTypeParameters>
</Attribute>
</attributes>
<identifiers itemClass="oracle.dbtools.crest.model.design.logical.CandidateKey">
<identifier id="77D7FEFA-D5A7-1736-5B7E-ACE8A1970496" name="CAT_SUBJECT PK">
<createdBy>Jan</createdBy>
<createdTime>2024-09-17 06:37:03 UTC</createdTime>
<ownerDesignName>rcl_logical</ownerDesignName>
<engineerTo>
<item key="9BC94DEE-4CA9-D854-B80A-16A3173670BB" value="true"/>
</engineerTo>
<pk>true</pk>
<usedAttributes>
<attributeRef>E468D0D9-D8B0-77B1-3305-AAF75CEAACB4</attributeRef>
<attributeRef>3E968584-FE06-4D2F-C254-F729459091F3</attributeRef>
</usedAttributes>
</identifier>
</identifiers>
</Entity>
