<?xml version = '1.0' encoding = 'UTF-8'?>
<Entity class="oracle.dbtools.crest.model.design.logical.Entity" directorySegmentName="seg_0" id="CB8F11A2-A6B1-5C29-FB5B-C53081011A54" name="SUBJECT">
<createdBy>Jan</createdBy>
<createdTime>2024-09-17 06:35:14 UTC</createdTime>
<ownerDesignName>rcl_logical</ownerDesignName>
<engineerTo>
<item key="9BC94DEE-4CA9-D854-B80A-16A3173670BB" value="true"/>
</engineerTo>
<adequatelyNormalized>NO</adequatelyNormalized>
<expectedVolumes>0</expectedVolumes>
<fwdEngineeringStrategyName>Single Table</fwdEngineeringStrategyName>
<growthPercent>0</growthPercent>
<growthType>Year</growthType>
<maxVolumes>9999999</maxVolumes>
<minVolumes>0</minVolumes>
<normalForm>Third</normalForm>
<attributes itemClass="oracle.dbtools.crest.model.design.logical.Attribute">
<Attribute name="subject_id" id="C45D7E91-3031-1C37-5A9C-08DE534C389D">
<createdBy>Jan</createdBy>
<createdTime>2024-09-17 06:35:22 UTC</createdTime>
<commentInRDBMS><![CDATA[id of the subject]]></commentInRDBMS>
<ownerDesignName>rcl_logical</ownerDesignName>
<engineerTo>
<item key="9BC94DEE-4CA9-D854-B80A-16A3173670BB" value="true"/>
</engineerTo>
<useDomainConstraints>false</useDomainConstraints>
<use>1</use>
<logicalDatatype>LOGDT019</logicalDatatype>
<dataTypePrecision>4</dataTypePrecision>
<ownDataTypeParameters>,4,</ownDataTypeParameters>
</Attribute>
<Attribute name="subject_desc" id="947E7728-2CF2-948D-B407-6E550CE19584">
<createdBy>Jan</createdBy>
<createdTime>2024-09-17 06:35:46 UTC</createdTime>
<commentInRDBMS><![CDATA[a description of the subject]]></commentInRDBMS>
<ownerDesignName>rcl_logical</ownerDesignName>
<engineerTo>
<item key="9BC94DEE-4CA9-D854-B80A-16A3173670BB" value="true"/>
</engineerTo>
<useDomainConstraints>false</useDomainConstraints>
<use>1</use>
<logicalDatatype>LOGDT024</logicalDatatype>
<dataTypeSize>50</dataTypeSize>
<ownDataTypeParameters>50,,</ownDataTypeParameters>
</Attribute>
</attributes>
<identifiers itemClass="oracle.dbtools.crest.model.design.logical.CandidateKey">
<identifier id="43D572DB-7404-246D-801E-B06F7C1A5ECB" name="SUBJECT PK">
<createdBy>Jan</createdBy>
<createdTime>2024-09-17 06:35:39 UTC</createdTime>
<ownerDesignName>rcl_logical</ownerDesignName>
<engineerTo>
<item key="9BC94DEE-4CA9-D854-B80A-16A3173670BB" value="true"/>
</engineerTo>
<pk>true</pk>
<usedAttributes>
<attributeRef>C45D7E91-3031-1C37-5A9C-08DE534C389D</attributeRef>
</usedAttributes>
</identifier>
</identifiers>
</Entity>
