<?xml version = '1.0' encoding = 'UTF-8'?>
<Entity class="oracle.dbtools.crest.model.design.logical.Entity" directorySegmentName="seg_0" id="DB00D152-7E2A-7309-E489-FAA917581F1F" name="BOOKCOPY">
<createdBy>Jan</createdBy>
<createdTime>2024-09-17 00:41:05 UTC</createdTime>
<ownerDesignName>rcl_logical</ownerDesignName>
<engineerTo>
<item key="9BC94DEE-4CA9-D854-B80A-16A3173670BB" value="true"/>
</engineerTo>
<adequatelyNormalized>NO</adequatelyNormalized>
<expectedVolumes>0</expectedVolumes>
<fwdEngineeringStrategyName>Single Table</fwdEngineeringStrategyName>
<growthPercent>0</growthPercent>
<growthType>Year</growthType>
<maxVolumes>9999999</maxVolumes>
<minVolumes>0</minVolumes>
<normalForm>Third</normalForm>
<attributes itemClass="oracle.dbtools.crest.model.design.logical.Attribute">
<Attribute name="branch_code" id="B8C929B0-BFD3-E40D-AB0D-D5368B4AD2A9">
<createdBy>Jan</createdBy>
<createdTime>2024-09-17 00:41:49 UTC</createdTime>
<commentInRDBMS><![CDATA[code of the branch]]></commentInRDBMS>
<generatorID>DFDE39C5-9D80-2A98-0C19-63F29E550A4C</generatorID>
<ownerDesignName>rcl_logical</ownerDesignName>
<engineerTo>
<item key="9BC94DEE-4CA9-D854-B80A-16A3173670BB" value="true"/>
</engineerTo>
<referedAttribute>98A01FF2-6499-5D89-D328-9CA17D77D076</referedAttribute>
<useDomainConstraints>false</useDomainConstraints>
<use>1</use>
<logicalDatatype>LOGDT019</logicalDatatype>
<dataTypePrecision>3</dataTypePrecision>
<ownDataTypeParameters>,3,</ownDataTypeParameters>
</Attribute>
<Attribute name="bookcopy_id" id="EAA11C61-FBAF-FF51-1A53-D27AD689A3CE">
<createdBy>Jan</createdBy>
<createdTime>2024-09-17 00:42:47 UTC</createdTime>
<commentInRDBMS><![CDATA[id of a book]]></commentInRDBMS>
<ownerDesignName>rcl_logical</ownerDesignName>
<engineerTo>
<item key="9BC94DEE-4CA9-D854-B80A-16A3173670BB" value="true"/>
</engineerTo>
<useDomainConstraints>false</useDomainConstraints>
<use>1</use>
<logicalDatatype>LOGDT019</logicalDatatype>
<dataTypePrecision>4</dataTypePrecision>
<ownDataTypeParameters>,4,</ownDataTypeParameters>
</Attribute>
<Attribute name="bookcopy_status" id="8BADB480-B74C-FF7E-5F0A-1B6BA621DC34">
<createdBy>Jan</createdBy>
<createdTime>2024-09-17 00:43:07 UTC</createdTime>
<commentInRDBMS><![CDATA[a status to record the book's status. 
OR - on reserve
LO - on loan
AV - available
ST - stolen
LS - lost
DM - damaged]]></commentInRDBMS>
<ownerDesignName>rcl_logical</ownerDesignName>
<engineerTo>
<item key="9BC94DEE-4CA9-D854-B80A-16A3173670BB" value="true"/>
</engineerTo>
<constraintName>book_status_chk</constraintName>
<useDomainConstraints>false</useDomainConstraints>
<use>1</use>
<logicalDatatype>LOGDT025</logicalDatatype>
<dataTypeSize>2</dataTypeSize>
<listOfValues>
<valueDef value="AV" description="available for loan"/>
<valueDef value="DM" description="damaged"/>
<valueDef value="LO" description="on loan"/>
<valueDef value="LS" description="lost"/>
<valueDef value="OR" description="on reserve"/>
<valueDef value="ST" description="stolen"/>
</listOfValues>
<ownDataTypeParameters>2,,</ownDataTypeParameters>
</Attribute>
<Attribute name="bookcopy_price" id="B1A9EB99-6CDA-A1DD-E8D4-A9BDC9D5F091">
<createdBy>Jan</createdBy>
<createdTime>2024-09-17 00:45:09 UTC</createdTime>
<commentInRDBMS><![CDATA[price of a book]]></commentInRDBMS>
<ownerDesignName>rcl_logical</ownerDesignName>
<engineerTo>
<item key="9BC94DEE-4CA9-D854-B80A-16A3173670BB" value="true"/>
</engineerTo>
<useDomainConstraints>false</useDomainConstraints>
<use>1</use>
<logicalDatatype>LOGDT019</logicalDatatype>
<dataTypePrecision>5</dataTypePrecision>
<dataTypeScale>1</dataTypeScale>
<ownDataTypeParameters>,5,1</ownDataTypeParameters>
</Attribute>
<Attribute name="isbn_no" id="AC80D313-5072-9028-5F2E-A85E727BA400">
<createdBy>Jan</createdBy>
<createdTime>2024-09-17 00:51:13 UTC</createdTime>
<commentInRDBMS><![CDATA[number of isbn]]></commentInRDBMS>
<generatorID>A176F03B-C27A-06F2-80DE-F6EEFEA7D7FF</generatorID>
<ownerDesignName>rcl_logical</ownerDesignName>
<engineerTo>
<item key="9BC94DEE-4CA9-D854-B80A-16A3173670BB" value="true"/>
</engineerTo>
<referedAttribute>4924866D-925D-AA9D-AF09-9FBE223E8DE6</referedAttribute>
<useDomainConstraints>false</useDomainConstraints>
<use>1</use>
<logicalDatatype>LOGDT019</logicalDatatype>
<dataTypePrecision>13</dataTypePrecision>
<ownDataTypeParameters>,13,</ownDataTypeParameters>
</Attribute>
</attributes>
<identifiers itemClass="oracle.dbtools.crest.model.design.logical.CandidateKey">
<identifier id="B5EF84A5-2079-4211-66EA-8C63287B6319" name="BOOKCOPY PK">
<createdBy>Jan</createdBy>
<createdTime>2024-09-17 00:41:49 UTC</createdTime>
<ownerDesignName>rcl_logical</ownerDesignName>
<engineerTo>
<item key="9BC94DEE-4CA9-D854-B80A-16A3173670BB" value="true"/>
</engineerTo>
<pk>true</pk>
<usedAttributes>
<attributeRef>B8C929B0-BFD3-E40D-AB0D-D5368B4AD2A9</attributeRef>
<attributeRef>EAA11C61-FBAF-FF51-1A53-D27AD689A3CE</attributeRef>
</usedAttributes>
</identifier>
</identifiers>
</Entity>
