<?xml version = '1.0' encoding = 'UTF-8'?>
<Entity class="oracle.dbtools.crest.model.design.logical.Entity" directorySegmentName="seg_0" id="E07F6624-EA99-8077-7330-CEA39DF45457" name="RESERVATION">
<createdBy>Jan</createdBy>
<createdTime>2024-09-17 07:36:27 UTC</createdTime>
<ownerDesignName>rcl_logical</ownerDesignName>
<engineerTo>
<item key="9BC94DEE-4CA9-D854-B80A-16A3173670BB" value="true"/>
</engineerTo>
<adequatelyNormalized>NO</adequatelyNormalized>
<expectedVolumes>0</expectedVolumes>
<fwdEngineeringStrategyName>Single Table</fwdEngineeringStrategyName>
<growthPercent>0</growthPercent>
<growthType>Year</growthType>
<maxVolumes>9999999</maxVolumes>
<minVolumes>0</minVolumes>
<normalForm>Third</normalForm>
<attributes itemClass="oracle.dbtools.crest.model.design.logical.Attribute">
<Attribute name="reservation_id" id="13186CE7-A9BA-E77E-153A-80FE13B5F3ED">
<createdBy>aquelarchen</createdBy>
<createdTime>2024-09-17 11:19:23 UTC</createdTime>
<commentInRDBMS><![CDATA[id of the reservation]]></commentInRDBMS>
<ownerDesignName>rcl_logical</ownerDesignName>
<engineerTo>
<item key="9BC94DEE-4CA9-D854-B80A-16A3173670BB" value="true"/>
</engineerTo>
<useDomainConstraints>false</useDomainConstraints>
<use>1</use>
<logicalDatatype>LOGDT019</logicalDatatype>
<dataTypePrecision>7</dataTypePrecision>
<ownDataTypeParameters>,7,</ownDataTypeParameters>
</Attribute>
<Attribute name="reservation_datetime" id="926C21DB-BEC6-DA96-A9E8-8A304D9D5D8F">
<createdBy>Jan</createdBy>
<createdTime>2024-09-17 07:36:34 UTC</createdTime>
<ownerDesignName>rcl_logical</ownerDesignName>
<engineerTo>
<item key="9BC94DEE-4CA9-D854-B80A-16A3173670BB" value="true"/>
</engineerTo>
<useDomainConstraints>false</useDomainConstraints>
<use>1</use>
<logicalDatatype>LOGDT007</logicalDatatype>
<ownDataTypeParameters>,,</ownDataTypeParameters>
</Attribute>
<Attribute name="branch_code" id="BCA05779-74C9-6F3E-C917-BC456EC97B65">
<createdBy>Jan</createdBy>
<createdTime>2024-09-17 07:38:32 UTC</createdTime>
<commentInRDBMS><![CDATA[code of the branch]]></commentInRDBMS>
<generatorID>812C42C7-D752-D8CC-842D-90486DC603FE</generatorID>
<ownerDesignName>rcl_logical</ownerDesignName>
<engineerTo>
<item key="9BC94DEE-4CA9-D854-B80A-16A3173670BB" value="true"/>
</engineerTo>
<referedAttribute>B8C929B0-BFD3-E40D-AB0D-D5368B4AD2A9</referedAttribute>
<useDomainConstraints>false</useDomainConstraints>
<use>1</use>
<logicalDatatype>LOGDT019</logicalDatatype>
<dataTypePrecision>3</dataTypePrecision>
<ownDataTypeParameters>,3,</ownDataTypeParameters>
</Attribute>
<Attribute name="bookcopy_id" id="919F3FD3-3D83-57A1-D9D2-1479592935BC">
<createdBy>Jan</createdBy>
<createdTime>2024-09-17 07:38:32 UTC</createdTime>
<commentInRDBMS><![CDATA[id of a book]]></commentInRDBMS>
<generatorID>812C42C7-D752-D8CC-842D-90486DC603FE</generatorID>
<ownerDesignName>rcl_logical</ownerDesignName>
<engineerTo>
<item key="9BC94DEE-4CA9-D854-B80A-16A3173670BB" value="true"/>
</engineerTo>
<referedAttribute>EAA11C61-FBAF-FF51-1A53-D27AD689A3CE</referedAttribute>
<useDomainConstraints>false</useDomainConstraints>
<use>1</use>
<logicalDatatype>LOGDT019</logicalDatatype>
<dataTypePrecision>4</dataTypePrecision>
<ownDataTypeParameters>,4,</ownDataTypeParameters>
</Attribute>
<Attribute name="borrower_no" id="C537597B-0AE9-236A-9350-B529F4DB20FD">
<createdBy>Jan</createdBy>
<createdTime>2024-09-17 07:42:23 UTC</createdTime>
<commentInRDBMS><![CDATA[number of the borrower]]></commentInRDBMS>
<generatorID>F3E1467E-A520-A303-FDCC-B1725FB4F2A4</generatorID>
<ownerDesignName>rcl_logical</ownerDesignName>
<engineerTo>
<item key="9BC94DEE-4CA9-D854-B80A-16A3173670BB" value="true"/>
</engineerTo>
<referedAttribute>EE3B4AA4-6650-0162-6F2D-F10903884052</referedAttribute>
<useDomainConstraints>false</useDomainConstraints>
<use>1</use>
<logicalDatatype>LOGDT019</logicalDatatype>
<dataTypePrecision>4</dataTypePrecision>
<ownDataTypeParameters>,,</ownDataTypeParameters>
</Attribute>
</attributes>
<identifiers itemClass="oracle.dbtools.crest.model.design.logical.CandidateKey">
<identifier id="ED37D4C0-2E49-C110-D3D3-E1E9A72B444E" name="RESERVATION PK">
<createdBy>Jan</createdBy>
<createdTime>2024-09-17 07:38:32 UTC</createdTime>
<ownerDesignName>rcl_logical</ownerDesignName>
<engineerTo>
<item key="9BC94DEE-4CA9-D854-B80A-16A3173670BB" value="true"/>
</engineerTo>
<pk>true</pk>
<usedAttributes>
<attributeRef>13186CE7-A9BA-E77E-153A-80FE13B5F3ED</attributeRef>
</usedAttributes>
</identifier>
<identifier id="9FF24C44-46FA-E2DB-FD1D-E285F417374C" name="reservation_nk">
<createdBy>aquelarchen</createdBy>
<createdTime>2024-09-17 11:21:02 UTC</createdTime>
<ownerDesignName>rcl_logical</ownerDesignName>
<engineerTo>
<item key="9BC94DEE-4CA9-D854-B80A-16A3173670BB" value="true"/>
</engineerTo>
<newElementsIDs>926C21DB-BEC6-DA96-A9E8-8A304D9D5D8F,BCA05779-74C9-6F3E-C917-BC456EC97B65,919F3FD3-3D83-57A1-D9D2-1479592935BC</newElementsIDs>
<usedAttributes>
<attributeRef>926C21DB-BEC6-DA96-A9E8-8A304D9D5D8F</attributeRef>
<attributeRef>BCA05779-74C9-6F3E-C917-BC456EC97B65</attributeRef>
<attributeRef>919F3FD3-3D83-57A1-D9D2-1479592935BC</attributeRef>
</usedAttributes>
</identifier>
</identifiers>
</Entity>
