<?xml version = '1.0' encoding = 'UTF-8'?>
<Entity class="oracle.dbtools.crest.model.design.logical.Entity" directorySegmentName="seg_0" id="F4DB5634-6C8C-9849-FC20-EA24AF08AE00" name="ISBN">
<createdBy>Jan</createdBy>
<createdTime>2024-09-17 00:32:01 UTC</createdTime>
<ownerDesignName>rcl_logical</ownerDesignName>
<engineerTo>
<item key="9BC94DEE-4CA9-D854-B80A-16A3173670BB" value="true"/>
</engineerTo>
<adequatelyNormalized>NO</adequatelyNormalized>
<expectedVolumes>0</expectedVolumes>
<fwdEngineeringStrategyName>Single Table</fwdEngineeringStrategyName>
<growthPercent>0</growthPercent>
<growthType>Year</growthType>
<maxVolumes>9999999</maxVolumes>
<minVolumes>0</minVolumes>
<normalForm>Third</normalForm>
<attributes itemClass="oracle.dbtools.crest.model.design.logical.Attribute">
<Attribute name="isbn_no" id="4924866D-925D-AA9D-AF09-9FBE223E8DE6">
<createdBy>Jan</createdBy>
<createdTime>2024-09-17 00:32:05 UTC</createdTime>
<commentInRDBMS><![CDATA[number of isbn]]></commentInRDBMS>
<ownerDesignName>rcl_logical</ownerDesignName>
<engineerTo>
<item key="9BC94DEE-4CA9-D854-B80A-16A3173670BB" value="true"/>
</engineerTo>
<useDomainConstraints>false</useDomainConstraints>
<use>1</use>
<logicalDatatype>LOGDT019</logicalDatatype>
<dataTypePrecision>13</dataTypePrecision>
<ownDataTypeParameters>,13,</ownDataTypeParameters>
</Attribute>
<Attribute name="isbn_book_type" id="DD35C429-7875-1519-16DF-B9F0DE813A58">
<createdBy>Jan</createdBy>
<createdTime>2024-09-17 00:32:43 UTC</createdTime>
<commentInRDBMS><![CDATA[booktype of a certain book]]></commentInRDBMS>
<ownerDesignName>rcl_logical</ownerDesignName>
<engineerTo>
<item key="9BC94DEE-4CA9-D854-B80A-16A3173670BB" value="true"/>
</engineerTo>
<useDomainConstraints>false</useDomainConstraints>
<use>1</use>
<logicalDatatype>LOGDT024</logicalDatatype>
<dataTypeSize>20</dataTypeSize>
<ownDataTypeParameters>20,,</ownDataTypeParameters>
</Attribute>
<Attribute name="ctlg_call_no" id="0DF44538-DC32-391B-E13C-0F61F02A243B">
<createdBy>Jan</createdBy>
<createdTime>2024-09-17 00:36:33 UTC</createdTime>
<commentInRDBMS><![CDATA[catalogue call number]]></commentInRDBMS>
<generatorID>3BF1A21D-DC0F-0B7F-3BCA-10A9992BAFFE</generatorID>
<ownerDesignName>rcl_logical</ownerDesignName>
<engineerTo>
<item key="9BC94DEE-4CA9-D854-B80A-16A3173670BB" value="true"/>
</engineerTo>
<referedAttribute>2E385792-1B53-98D6-1DD4-A094DB5F8211</referedAttribute>
<useDomainConstraints>false</useDomainConstraints>
<use>1</use>
<logicalDatatype>LOGDT024</logicalDatatype>
<dataTypeSize>30</dataTypeSize>
<ownDataTypeParameters>30,,</ownDataTypeParameters>
</Attribute>
</attributes>
<identifiers itemClass="oracle.dbtools.crest.model.design.logical.CandidateKey">
<identifier id="120875B7-6B40-22C5-75CE-BBCE3C643A21" name="ISBN PK">
<createdBy>Jan</createdBy>
<createdTime>2024-09-17 00:32:15 UTC</createdTime>
<ownerDesignName>rcl_logical</ownerDesignName>
<engineerTo>
<item key="9BC94DEE-4CA9-D854-B80A-16A3173670BB" value="true"/>
</engineerTo>
<pk>true</pk>
<usedAttributes>
<attributeRef>4924866D-925D-AA9D-AF09-9FBE223E8DE6</attributeRef>
</usedAttributes>
</identifier>
</identifiers>
</Entity>
