<?xml version = '1.0' encoding = 'UTF-8'?>
<Entity class="oracle.dbtools.crest.model.design.logical.Entity" directorySegmentName="seg_0" id="F4FD87FF-2EBB-2C8A-D76D-EB2C36836DB0" name="LGA">
<createdBy>thear</createdBy>
<createdTime>2024-09-16 23:20:17 UTC</createdTime>
<ownerDesignName>rcl_logical</ownerDesignName>
<engineerTo>
<item key="9BC94DEE-4CA9-D854-B80A-16A3173670BB" value="true"/>
</engineerTo>
<adequatelyNormalized>NO</adequatelyNormalized>
<expectedVolumes>0</expectedVolumes>
<fwdEngineeringStrategyName>Single Table</fwdEngineeringStrategyName>
<growthPercent>0</growthPercent>
<growthType>Year</growthType>
<maxVolumes>9999999</maxVolumes>
<minVolumes>0</minVolumes>
<normalForm>Third</normalForm>
<shortName>lga</shortName>
<attributes itemClass="oracle.dbtools.crest.model.design.logical.Attribute">
<Attribute name="lga_code" id="ED27DF9D-3A25-90CD-3CE9-EA5E9AB6ECBB">
<createdBy>thear</createdBy>
<createdTime>2024-09-16 23:20:32 UTC</createdTime>
<commentInRDBMS><![CDATA[code of the lga]]></commentInRDBMS>
<ownerDesignName>rcl_logical</ownerDesignName>
<engineerTo>
<item key="9BC94DEE-4CA9-D854-B80A-16A3173670BB" value="true"/>
</engineerTo>
<useDomainConstraints>false</useDomainConstraints>
<use>1</use>
<logicalDatatype>LOGDT019</logicalDatatype>
<dataTypePrecision>7</dataTypePrecision>
<ownDataTypeParameters>,7,</ownDataTypeParameters>
</Attribute>
<Attribute name="lga_name" id="BB6F57F7-931E-9BB2-D114-8F5131128CBB">
<createdBy>thear</createdBy>
<createdTime>2024-09-16 23:21:00 UTC</createdTime>
<commentInRDBMS><![CDATA[name of the lga]]></commentInRDBMS>
<ownerDesignName>rcl_logical</ownerDesignName>
<engineerTo>
<item key="9BC94DEE-4CA9-D854-B80A-16A3173670BB" value="true"/>
</engineerTo>
<useDomainConstraints>false</useDomainConstraints>
<use>1</use>
<logicalDatatype>LOGDT024</logicalDatatype>
<dataTypeSize>30</dataTypeSize>
<ownDataTypeParameters>30,,</ownDataTypeParameters>
</Attribute>
<Attribute name="lga_size" id="CD1FEE22-BE0F-FB3B-A7C3-2A911D030224">
<createdBy>thear</createdBy>
<createdTime>2024-09-16 23:21:23 UTC</createdTime>
<commentInRDBMS><![CDATA[size of the lga building]]></commentInRDBMS>
<ownerDesignName>rcl_logical</ownerDesignName>
<engineerTo>
<item key="9BC94DEE-4CA9-D854-B80A-16A3173670BB" value="true"/>
</engineerTo>
<useDomainConstraints>false</useDomainConstraints>
<use>1</use>
<logicalDatatype>LOGDT019</logicalDatatype>
<dataTypePrecision>5</dataTypePrecision>
<dataTypeScale>2</dataTypeScale>
<ownDataTypeParameters>,5,2</ownDataTypeParameters>
</Attribute>
<Attribute name="lga_contact_name" id="FCE8AE75-B358-5FEA-6F90-EE2B11A180DF">
<createdBy>thear</createdBy>
<createdTime>2024-09-16 23:23:26 UTC</createdTime>
<commentInRDBMS><![CDATA[name of the contact person in lga]]></commentInRDBMS>
<ownerDesignName>rcl_logical</ownerDesignName>
<engineerTo>
<item key="9BC94DEE-4CA9-D854-B80A-16A3173670BB" value="true"/>
</engineerTo>
<useDomainConstraints>false</useDomainConstraints>
<use>1</use>
<logicalDatatype>LOGDT024</logicalDatatype>
<dataTypeSize>30</dataTypeSize>
<ownDataTypeParameters>30,,</ownDataTypeParameters>
</Attribute>
<Attribute name="lga_phoneno" id="D3839D2A-E79F-FFEE-C013-F546D3AA6287">
<createdBy>thear</createdBy>
<createdTime>2024-09-16 23:23:52 UTC</createdTime>
<commentInRDBMS><![CDATA[phone number of lga]]></commentInRDBMS>
<ownerDesignName>rcl_logical</ownerDesignName>
<engineerTo>
<item key="9BC94DEE-4CA9-D854-B80A-16A3173670BB" value="true"/>
</engineerTo>
<useDomainConstraints>false</useDomainConstraints>
<use>1</use>
<logicalDatatype>LOGDT025</logicalDatatype>
<dataTypeSize>10</dataTypeSize>
<ownDataTypeParameters>10,,</ownDataTypeParameters>
</Attribute>
</attributes>
<identifiers itemClass="oracle.dbtools.crest.model.design.logical.CandidateKey">
<identifier id="818BAB3B-A78A-6058-9E46-DFFA602BDFE7" name="LGA PK">
<createdBy>thear</createdBy>
<createdTime>2024-09-16 23:20:47 UTC</createdTime>
<ownerDesignName>rcl_logical</ownerDesignName>
<engineerTo>
<item key="9BC94DEE-4CA9-D854-B80A-16A3173670BB" value="true"/>
</engineerTo>
<pk>true</pk>
<usedAttributes>
<attributeRef>ED27DF9D-3A25-90CD-3CE9-EA5E9AB6ECBB</attributeRef>
</usedAttributes>
</identifier>
</identifiers>
</Entity>
