<?xml version = '1.0' encoding = 'UTF-8'?>
<Diagram class="oracle.dbtools.crest.swingui.logical.DPVLogical" name="Logical" id="3A8B9939-885A-A71A-CF45-725E2A0C9BA7">
<createdBy>G137</createdBy>
<modifiedBy>G137</modifiedBy>
<createdTime>2024-09-16 23:15:09 UTC</createdTime>
<autoRoute>false</autoRoute>
<boxInbox>true</boxInbox>
<showLegend>true</showLegend>
<showLabels>true</showLabels>
<showRelAttributes>false</showRelAttributes>
<gridEnabled>false</gridEnabled>
<showGrid>false</showGrid>
<diagramColor>-1</diagramColor>
<display>false</display>
<notation>2</notation>
<showAllDetails>false</showAllDetails>
<showElements>true</showElements>
<objectViews>
<OView class="oracle.dbtools.crest.swingui.logical.TVEntity" oid="1F15140B-8054-3A1D-51DE-F559336F14EE" otype="Entity" vid="863059E9-28C0-7C92-8296-46DC96AA6AD9">
<hideElementsInCurrentOnly>false</hideElementsInCurrentOnly>
<bounds x="124" y="538" width="161" height="180"/>
</OView>
<OView class="oracle.dbtools.crest.swingui.logical.TVEntity" oid="35369ECB-E7B4-C257-7BC5-0E414C5A07BE" otype="Entity" vid="A5377328-0793-E06C-4295-917139F638E0">
<hideElementsInCurrentOnly>false</hideElementsInCurrentOnly>
<bounds x="137" y="392" width="133" height="54"/>
</OView>
<OView class="oracle.dbtools.crest.swingui.logical.TVEntity" oid="3A0ECB99-004B-3433-6C73-6B8EAF26145F" otype="Entity" vid="5AB167A5-2EA8-E007-ABAB-D6ABFF806D64">
<hideElementsInCurrentOnly>false</hideElementsInCurrentOnly>
<bounds x="1001" y="176" width="183" height="82"/>
</OView>
<OView class="oracle.dbtools.crest.swingui.logical.TVEntity" oid="4FF2ABD8-8EFB-55E2-B6F4-5668845FAF98" otype="Entity" vid="4182ECB3-71E0-38EC-ABD8-A0C7473D28B7">
<hideElementsInCurrentOnly>false</hideElementsInCurrentOnly>
<bounds x="387" y="205" width="138" height="110"/>
</OView>
<OView class="oracle.dbtools.crest.swingui.logical.TVEntity" oid="748CD58E-7201-C761-51D0-DF8B2E5584BD" otype="Entity" vid="EB35D290-4851-68C1-7D7E-D3BA92FB6FB9">
<hideElementsInCurrentOnly>false</hideElementsInCurrentOnly>
<bounds x="676" y="108" width="145" height="180"/>
</OView>
<OView class="oracle.dbtools.crest.swingui.logical.TVEntity" oid="8E5BAFD5-D99F-D95B-FD40-F62B118D4ED9" otype="Entity" vid="61783A83-AE6B-38DE-5E1C-F5C5B8AA890D">
<hideElementsInCurrentOnly>false</hideElementsInCurrentOnly>
<bounds x="1022" y="477" width="163" height="152"/>
</OView>
<OView class="oracle.dbtools.crest.swingui.logical.TVEntity" oid="9F7E16E8-610A-415A-A996-44CA07E00DFC" otype="Entity" vid="EF955ECB-CD52-4E0D-6A10-8489BB11D07B">
<hideElementsInCurrentOnly>false</hideElementsInCurrentOnly>
<bounds x="385" y="0" width="147" height="96"/>
</OView>
<OView class="oracle.dbtools.crest.swingui.logical.TVEntity" oid="AAA3D386-56DF-BE8B-0EEF-0E9A04C96B2D" otype="Entity" vid="9EEB7923-99D4-3C90-AAB8-3262658BA086">
<hideElementsInCurrentOnly>false</hideElementsInCurrentOnly>
<bounds x="433" y="685" width="117" height="54"/>
</OView>
<OView class="oracle.dbtools.crest.swingui.logical.TVEntity" oid="AD9F3CAF-31FD-CA75-DB8E-4B55A544A791" otype="Entity" vid="E9937980-858B-A0F9-9345-F65EEC9ACA4A">
<hideElementsInCurrentOnly>false</hideElementsInCurrentOnly>
<bounds x="674" y="680" width="123" height="68"/>
</OView>
<OView class="oracle.dbtools.crest.swingui.logical.TVEntity" oid="BBE7FA0B-8415-9CB7-4121-466840403C5E" otype="Entity" vid="D668AD15-D26B-A4A0-8C14-8FD17E7C6AE1">
<hideElementsInCurrentOnly>false</hideElementsInCurrentOnly>
<bounds x="140" y="804" width="117" height="54"/>
</OView>
<OView class="oracle.dbtools.crest.swingui.logical.TVEntity" oid="CB8F11A2-A6B1-5C29-FB5B-C53081011A54" otype="Entity" vid="7939B734-8F3A-C72C-D77D-38CE1218AD5F">
<hideElementsInCurrentOnly>false</hideElementsInCurrentOnly>
<bounds x="434" y="797" width="119" height="54"/>
</OView>
<OView class="oracle.dbtools.crest.swingui.logical.TVEntity" oid="DB00D152-7E2A-7309-E489-FAA917581F1F" otype="Entity" vid="434F45D0-3A0A-A36C-37AF-F8571B4832E1">
<hideElementsInCurrentOnly>false</hideElementsInCurrentOnly>
<bounds x="419" y="415" width="134" height="96"/>
</OView>
<OView class="oracle.dbtools.crest.swingui.logical.TVEntity" oid="E07F6624-EA99-8077-7330-CEA39DF45457" otype="Entity" vid="2AEEF30E-6724-174E-2663-F1C21598A5A9">
<hideElementsInCurrentOnly>false</hideElementsInCurrentOnly>
<bounds x="681" y="362" width="156" height="96"/>
</OView>
<OView class="oracle.dbtools.crest.swingui.TVLegend" oid="EB0A18CA-FD71-A23A-796B-6D8F1AB065A2" otype="Legend" vid="8BA1CA16-D845-1411-EECE-AFB63BB74523">
<hideElementsInCurrentOnly>false</hideElementsInCurrentOnly>
<bounds x="10" y="10" width="232" height="135"/>
</OView>
<OView class="oracle.dbtools.crest.swingui.logical.TVEntity" oid="F4DB5634-6C8C-9849-FC20-EA24AF08AE00" otype="Entity" vid="A13E2E7B-FADD-BBFC-B76B-F0947D1E5BA1">
<hideElementsInCurrentOnly>false</hideElementsInCurrentOnly>
<bounds x="422" y="595" width="130" height="68"/>
</OView>
<OView class="oracle.dbtools.crest.swingui.logical.TVEntity" oid="F4FD87FF-2EBB-2C8A-D76D-EB2C36836DB0" otype="Entity" vid="27EEC7D3-89F0-2E57-7966-778F75BDEAED">
<hideElementsInCurrentOnly>false</hideElementsInCurrentOnly>
<bounds x="127" y="177" width="147" height="96"/>
</OView>
</objectViews>
<connectors>
<Connector class="oracle.dbtools.crest.swingui.logical.TVRelation" oid="1A7A627A-C504-E840-C631-07A496BC95DA" otype="Relation" vid_source="434F45D0-3A0A-A36C-37AF-F8571B4832E1" vid_target="61783A83-AE6B-38DE-5E1C-F5C5B8AA890D">
<hideElementsInCurrentOnly>false</hideElementsInCurrentOnly>
<backgroundColor>-16777216</backgroundColor>
<lineWidth>1</lineWidth>
<sourceLabel class="oracle.dbtools.crest.model.design.Label">
<site>0</site>
<labelBounds x="563" y="464" width="75" height="30"/>
<noBackgroundColor>true</noBackgroundColor>
<noForegroundColor>true</noForegroundColor>
</sourceLabel>
<targetLabel class="oracle.dbtools.crest.model.design.Label">
<site>2</site>
<labelBounds x="998" y="497" width="18" height="30"/>
<noBackgroundColor>true</noBackgroundColor>
<noForegroundColor>true</noForegroundColor>
</targetLabel>
<points>
<point x="553" y="494"/>
<point x="1022" y="494"/>
</points>
</Connector>
<Connector class="oracle.dbtools.crest.swingui.logical.TVRelation" oid="1D465740-AD78-7415-B32A-A3B98A8A9B55" otype="Relation" vid_source="863059E9-28C0-7C92-8296-46DC96AA6AD9" vid_target="D668AD15-D26B-A4A0-8C14-8FD17E7C6AE1">
<hideElementsInCurrentOnly>false</hideElementsInCurrentOnly>
<backgroundColor>-16777216</backgroundColor>
<lineWidth>1</lineWidth>
<sourceLabel class="oracle.dbtools.crest.model.design.Label">
<site>0</site>
<labelBounds x="198" y="754" width="44" height="30"/>
<noBackgroundColor>true</noBackgroundColor>
<noForegroundColor>true</noForegroundColor>
</sourceLabel>
<targetLabel class="oracle.dbtools.crest.model.design.Label">
<site>2</site>
<labelBounds x="198" y="768" width="18" height="30"/>
<noBackgroundColor>true</noBackgroundColor>
<noForegroundColor>true</noForegroundColor>
</targetLabel>
<points>
<point x="198" y="718"/>
<point x="198" y="804"/>
</points>
</Connector>
<Connector class="oracle.dbtools.crest.swingui.logical.TVRelation" oid="3BF1A21D-DC0F-0B7F-3BCA-10A9992BAFFE" otype="Relation" vid_source="863059E9-28C0-7C92-8296-46DC96AA6AD9" vid_target="A13E2E7B-FADD-BBFC-B76B-F0947D1E5BA1">
<hideElementsInCurrentOnly>false</hideElementsInCurrentOnly>
<backgroundColor>-16777216</backgroundColor>
<lineWidth>1</lineWidth>
<sourceLabel class="oracle.dbtools.crest.model.design.Label">
<site>0</site>
<labelBounds x="295" y="599" width="41" height="30"/>
<noBackgroundColor>true</noBackgroundColor>
<noForegroundColor>true</noForegroundColor>
</sourceLabel>
<targetLabel class="oracle.dbtools.crest.model.design.Label">
<site>2</site>
<labelBounds x="398" y="632" width="18" height="30"/>
<noBackgroundColor>true</noBackgroundColor>
<noForegroundColor>true</noForegroundColor>
</targetLabel>
<points>
<point x="285" y="629"/>
<point x="422" y="629"/>
</points>
</Connector>
<Connector class="oracle.dbtools.crest.swingui.logical.TVRelation" oid="44C25DC2-B070-2511-88E4-9168D3B46890" otype="Relation" vid_source="863059E9-28C0-7C92-8296-46DC96AA6AD9" vid_target="9EEB7923-99D4-3C90-AAB8-3262658BA086">
<hideElementsInCurrentOnly>false</hideElementsInCurrentOnly>
<backgroundColor>-16777216</backgroundColor>
<lineWidth>1</lineWidth>
<sourceLabel class="oracle.dbtools.crest.model.design.Label">
<site>0</site>
<labelBounds x="295" y="671" width="41" height="30"/>
<noBackgroundColor>true</noBackgroundColor>
<noForegroundColor>true</noForegroundColor>
</sourceLabel>
<targetLabel class="oracle.dbtools.crest.model.design.Label">
<site>2</site>
<labelBounds x="409" y="704" width="18" height="30"/>
<noBackgroundColor>true</noBackgroundColor>
<noForegroundColor>true</noForegroundColor>
</targetLabel>
<points>
<point x="285" y="701"/>
<point x="433" y="701"/>
</points>
</Connector>
<Connector class="oracle.dbtools.crest.swingui.logical.TVRelation" oid="487E9AAE-20F6-9E1A-4ABB-017014653668" otype="Relation" vid_source="7939B734-8F3A-C72C-D77D-38CE1218AD5F" vid_target="D668AD15-D26B-A4A0-8C14-8FD17E7C6AE1">
<hideElementsInCurrentOnly>false</hideElementsInCurrentOnly>
<backgroundColor>-16777216</backgroundColor>
<lineWidth>1</lineWidth>
<sourceLabel class="oracle.dbtools.crest.model.design.Label">
<site>0</site>
<labelBounds x="387" y="797" width="41" height="30"/>
<noBackgroundColor>true</noBackgroundColor>
<noForegroundColor>true</noForegroundColor>
</sourceLabel>
<targetLabel class="oracle.dbtools.crest.model.design.Label">
<site>2</site>
<labelBounds x="267" y="830" width="18" height="30"/>
<noBackgroundColor>true</noBackgroundColor>
<noForegroundColor>true</noForegroundColor>
</targetLabel>
<points>
<point x="434" y="827"/>
<point x="257" y="827"/>
</points>
</Connector>
<Connector class="oracle.dbtools.crest.swingui.logical.TVRelation" oid="4B8762BB-2AF4-DE9D-D2CB-4A859292CF70" otype="Relation" vid_source="EB35D290-4851-68C1-7D7E-D3BA92FB6FB9" vid_target="61783A83-AE6B-38DE-5E1C-F5C5B8AA890D">
<hideElementsInCurrentOnly>false</hideElementsInCurrentOnly>
<backgroundColor>-16777216</backgroundColor>
<lineWidth>1</lineWidth>
<sourceLabel class="oracle.dbtools.crest.model.design.Label">
<site>0</site>
<labelBounds x="831" y="270" width="49" height="30"/>
<noBackgroundColor>true</noBackgroundColor>
<noForegroundColor>true</noForegroundColor>
</sourceLabel>
<targetLabel class="oracle.dbtools.crest.model.design.Label">
<site>2</site>
<labelBounds x="1027" y="441" width="18" height="30"/>
<noBackgroundColor>true</noBackgroundColor>
<noForegroundColor>true</noForegroundColor>
</targetLabel>
<points>
<point x="821" y="270"/>
<point x="1027" y="477"/>
</points>
</Connector>
<Connector class="oracle.dbtools.crest.swingui.logical.TVRelation" oid="6AD8AEA6-EBF0-F7A3-6778-ED03EBF99580" otype="Relation" vid_source="5AB167A5-2EA8-E007-ABAB-D6ABFF806D64" vid_target="EB35D290-4851-68C1-7D7E-D3BA92FB6FB9">
<hideElementsInCurrentOnly>false</hideElementsInCurrentOnly>
<backgroundColor>-16777216</backgroundColor>
<lineWidth>1</lineWidth>
<sourceLabel class="oracle.dbtools.crest.model.design.Label">
<site>0</site>
<labelBounds x="936" y="187" width="59" height="30"/>
<noBackgroundColor>true</noBackgroundColor>
<noForegroundColor>true</noForegroundColor>
</sourceLabel>
<targetLabel class="oracle.dbtools.crest.model.design.Label">
<site>2</site>
<labelBounds x="831" y="220" width="18" height="30"/>
<noBackgroundColor>true</noBackgroundColor>
<noForegroundColor>true</noForegroundColor>
</targetLabel>
<points>
<point x="1001" y="217"/>
<point x="821" y="217"/>
</points>
</Connector>
<Connector class="oracle.dbtools.crest.swingui.logical.TVRelation" oid="788BEA95-D665-F454-D644-ED1F881F7D7D" otype="Relation" vid_source="4182ECB3-71E0-38EC-ABD8-A0C7473D28B7" vid_target="EB35D290-4851-68C1-7D7E-D3BA92FB6FB9">
<hideElementsInCurrentOnly>false</hideElementsInCurrentOnly>
<backgroundColor>-16777216</backgroundColor>
<lineWidth>1</lineWidth>
<sourceLabel class="oracle.dbtools.crest.model.design.Label">
<site>0</site>
<labelBounds x="535" y="216" width="73" height="30"/>
<noBackgroundColor>true</noBackgroundColor>
<noForegroundColor>true</noForegroundColor>
</sourceLabel>
<targetLabel class="oracle.dbtools.crest.model.design.Label">
<site>2</site>
<labelBounds x="652" y="249" width="18" height="30"/>
<noBackgroundColor>true</noBackgroundColor>
<noForegroundColor>true</noForegroundColor>
</targetLabel>
<points>
<point x="525" y="246"/>
<point x="676" y="246"/>
</points>
</Connector>
<Connector class="oracle.dbtools.crest.swingui.logical.TVRelation" oid="812C42C7-D752-D8CC-842D-90486DC603FE" otype="Relation" vid_source="434F45D0-3A0A-A36C-37AF-F8571B4832E1" vid_target="2AEEF30E-6724-174E-2663-F1C21598A5A9">
<hideElementsInCurrentOnly>false</hideElementsInCurrentOnly>
<backgroundColor>-16777216</backgroundColor>
<lineWidth>1</lineWidth>
<sourceLabel class="oracle.dbtools.crest.model.design.Label">
<site>0</site>
<labelBounds x="563" y="406" width="52" height="30"/>
<noBackgroundColor>true</noBackgroundColor>
<noForegroundColor>true</noForegroundColor>
</sourceLabel>
<targetLabel class="oracle.dbtools.crest.model.design.Label">
<site>2</site>
<labelBounds x="657" y="439" width="18" height="30"/>
<noBackgroundColor>true</noBackgroundColor>
<noForegroundColor>true</noForegroundColor>
</targetLabel>
<points>
<point x="553" y="436"/>
<point x="681" y="436"/>
</points>
</Connector>
<Connector class="oracle.dbtools.crest.swingui.logical.TVRelation" oid="A176F03B-C27A-06F2-80DE-F6EEFEA7D7FF" otype="Relation" vid_source="A13E2E7B-FADD-BBFC-B76B-F0947D1E5BA1" vid_target="434F45D0-3A0A-A36C-37AF-F8571B4832E1">
<hideElementsInCurrentOnly>false</hideElementsInCurrentOnly>
<backgroundColor>-16777216</backgroundColor>
<lineWidth>1</lineWidth>
<sourceLabel class="oracle.dbtools.crest.model.design.Label">
<site>0</site>
<labelBounds x="487" y="551" width="56" height="30"/>
<noBackgroundColor>true</noBackgroundColor>
<noForegroundColor>true</noForegroundColor>
</sourceLabel>
<targetLabel class="oracle.dbtools.crest.model.design.Label">
<site>2</site>
<labelBounds x="487" y="563" width="18" height="30"/>
<noBackgroundColor>true</noBackgroundColor>
<noForegroundColor>true</noForegroundColor>
</targetLabel>
<points>
<point x="487" y="595"/>
<point x="487" y="511"/>
</points>
</Connector>
<Connector class="oracle.dbtools.crest.swingui.logical.TVRelation" oid="A4579089-0D44-40E5-EAC1-89C7B13DDF61" otype="Relation" vid_source="EF955ECB-CD52-4E0D-6A10-8489BB11D07B" vid_target="4182ECB3-71E0-38EC-ABD8-A0C7473D28B7">
<hideElementsInCurrentOnly>false</hideElementsInCurrentOnly>
<backgroundColor>-16777216</backgroundColor>
<lineWidth>1</lineWidth>
<sourceLabel class="oracle.dbtools.crest.model.design.Label">
<site>0</site>
<labelBounds x="471" y="157" width="46" height="55"/>
<noBackgroundColor>true</noBackgroundColor>
<noForegroundColor>true</noForegroundColor>
</sourceLabel>
<targetLabel class="oracle.dbtools.crest.model.design.Label">
<site>2</site>
<labelBounds x="471" y="161" width="18" height="30"/>
<noBackgroundColor>true</noBackgroundColor>
<noForegroundColor>true</noForegroundColor>
</targetLabel>
<points>
<point x="471" y="96"/>
<point x="471" y="205"/>
</points>
</Connector>
<Connector class="oracle.dbtools.crest.swingui.logical.TVRelation" oid="B68C7429-9E22-D843-42A0-F1F3C4BCA19C" otype="Relation" vid_source="27EEC7D3-89F0-2E57-7966-778F75BDEAED" vid_target="4182ECB3-71E0-38EC-ABD8-A0C7473D28B7">
<hideElementsInCurrentOnly>false</hideElementsInCurrentOnly>
<backgroundColor>-16777216</backgroundColor>
<lineWidth>1</lineWidth>
<sourceLabel class="oracle.dbtools.crest.model.design.Label">
<site>0</site>
<labelBounds x="284" y="209" width="31" height="30"/>
<noBackgroundColor>true</noBackgroundColor>
<noForegroundColor>true</noForegroundColor>
</sourceLabel>
<targetLabel class="oracle.dbtools.crest.model.design.Label">
<site>2</site>
<labelBounds x="363" y="242" width="18" height="30"/>
<noBackgroundColor>true</noBackgroundColor>
<noForegroundColor>true</noForegroundColor>
</targetLabel>
<points>
<point x="274" y="239"/>
<point x="387" y="239"/>
</points>
</Connector>
<Connector class="oracle.dbtools.crest.swingui.logical.TVRelation" oid="C196DEAA-5016-9F21-DB30-C5F51C7EF77C" otype="Relation" vid_source="E9937980-858B-A0F9-9345-F65EEC9ACA4A" vid_target="9EEB7923-99D4-3C90-AAB8-3262658BA086">
<hideElementsInCurrentOnly>false</hideElementsInCurrentOnly>
<backgroundColor>-16777216</backgroundColor>
<lineWidth>1</lineWidth>
<sourceLabel class="oracle.dbtools.crest.model.design.Label">
<site>0</site>
<labelBounds x="628" y="684" width="40" height="28"/>
<noBackgroundColor>true</noBackgroundColor>
<noForegroundColor>true</noForegroundColor>
</sourceLabel>
<targetLabel class="oracle.dbtools.crest.model.design.Label">
<site>2</site>
<labelBounds x="560" y="715" width="18" height="33"/>
<noBackgroundColor>true</noBackgroundColor>
<noForegroundColor>true</noForegroundColor>
</targetLabel>
<points>
<point x="674" y="712"/>
<point x="550" y="712"/>
</points>
</Connector>
<Connector class="oracle.dbtools.crest.swingui.logical.TVRelation" oid="CBEE89D4-F834-ACA1-9248-BE2930DAE069" otype="Relation" vid_source="EF955ECB-CD52-4E0D-6A10-8489BB11D07B" vid_target="4182ECB3-71E0-38EC-ABD8-A0C7473D28B7">
<hideElementsInCurrentOnly>false</hideElementsInCurrentOnly>
<backgroundColor>-16777216</backgroundColor>
<lineWidth>1</lineWidth>
<sourceLabel class="oracle.dbtools.crest.model.design.Label">
<site>0</site>
<labelBounds x="456" y="133" width="69" height="23"/>
<noBackgroundColor>true</noBackgroundColor>
<noForegroundColor>true</noForegroundColor>
</sourceLabel>
<targetLabel class="oracle.dbtools.crest.model.design.Label">
<site>2</site>
<labelBounds x="456" y="145" width="19" height="30"/>
<noBackgroundColor>true</noBackgroundColor>
<noForegroundColor>true</noForegroundColor>
</targetLabel>
<points>
<point x="456" y="96"/>
<point x="456" y="205"/>
</points>
</Connector>
<Connector class="oracle.dbtools.crest.swingui.logical.TVRelation" oid="DFDE39C5-9D80-2A98-0C19-63F29E550A4C" otype="Relation" vid_source="4182ECB3-71E0-38EC-ABD8-A0C7473D28B7" vid_target="434F45D0-3A0A-A36C-37AF-F8571B4832E1">
<hideElementsInCurrentOnly>false</hideElementsInCurrentOnly>
<backgroundColor>-16777216</backgroundColor>
<lineWidth>1</lineWidth>
<sourceLabel class="oracle.dbtools.crest.model.design.Label">
<site>0</site>
<labelBounds x="472" y="383" width="31" height="30"/>
<noBackgroundColor>true</noBackgroundColor>
<noForegroundColor>true</noForegroundColor>
</sourceLabel>
<targetLabel class="oracle.dbtools.crest.model.design.Label">
<site>2</site>
<labelBounds x="472" y="355" width="18" height="30"/>
<noBackgroundColor>true</noBackgroundColor>
<noForegroundColor>true</noForegroundColor>
</targetLabel>
<points>
<point x="472" y="315"/>
<point x="472" y="415"/>
</points>
</Connector>
<Connector class="oracle.dbtools.crest.swingui.logical.TVRelation" oid="F3E1467E-A520-A303-FDCC-B1725FB4F2A4" otype="Relation" vid_source="EB35D290-4851-68C1-7D7E-D3BA92FB6FB9" vid_target="2AEEF30E-6724-174E-2663-F1C21598A5A9">
<hideElementsInCurrentOnly>false</hideElementsInCurrentOnly>
<backgroundColor>-16777216</backgroundColor>
<lineWidth>1</lineWidth>
<sourceLabel class="oracle.dbtools.crest.model.design.Label">
<site>0</site>
<labelBounds x="751" y="348" width="41" height="30"/>
<noBackgroundColor>true</noBackgroundColor>
<noForegroundColor>true</noForegroundColor>
</sourceLabel>
<targetLabel class="oracle.dbtools.crest.model.design.Label">
<site>2</site>
<labelBounds x="751" y="318" width="18" height="30"/>
<noBackgroundColor>true</noBackgroundColor>
<noForegroundColor>true</noForegroundColor>
</targetLabel>
<points>
<point x="751" y="288"/>
<point x="751" y="362"/>
</points>
</Connector>
<Connector class="oracle.dbtools.crest.swingui.logical.TVRelation" oid="FC1A7AFB-4E90-B9B9-6259-131AAD1A8B78" otype="Relation" vid_source="A5377328-0793-E06C-4295-917139F638E0" vid_target="863059E9-28C0-7C92-8296-46DC96AA6AD9">
<hideElementsInCurrentOnly>false</hideElementsInCurrentOnly>
<backgroundColor>-16777216</backgroundColor>
<lineWidth>1</lineWidth>
<sourceLabel class="oracle.dbtools.crest.model.design.Label">
<site>0</site>
<labelBounds x="203" y="482" width="45" height="30"/>
<noBackgroundColor>true</noBackgroundColor>
<noForegroundColor>true</noForegroundColor>
</sourceLabel>
<targetLabel class="oracle.dbtools.crest.model.design.Label">
<site>2</site>
<labelBounds x="203" y="478" width="18" height="30"/>
<noBackgroundColor>true</noBackgroundColor>
<noForegroundColor>true</noForegroundColor>
</targetLabel>
<points>
<point x="203" y="446"/>
<point x="203" y="538"/>
</points>
</Connector>
</connectors>
</Diagram>
