<?xml version = '1.0' encoding = 'UTF-8'?>
<FKIndexAssociation class="oracle.dbtools.crest.model.design.relational.FKIndexAssociation" directorySegmentName="seg_0" id="3694459F-352D-25F2-1200-E9B4A8AF4926" containerWithKeyObject="24658FAA-9C1B-6699-7347-595CADF54A83" localFKIndex="B4EA378A-0DC6-0154-D455-420F322C4CB9" name="subject_catsubject_fk">
<createdBy>thear</createdBy>
<createdTime>2024-09-18 02:55:11 UTC</createdTime>
<generatorID>487E9AAE-20F6-9E1A-4ABB-017014653668</generatorID>
<ownerDesignName>rcl_logical</ownerDesignName>
<referredTableLongName>SUBJECT</referredTableLongName>
<deleteRule>NO ACTION</deleteRule>
<referredTableID>CCD30C6E-11F5-A4F5-655C-5F3898543E1B</referredTableID>
<keyObject>57C9D1B5-0F82-EC2B-7522-69BAA9768BAD</keyObject>
<referredKeyID>57C9D1B5-0F82-EC2B-7522-69BAA9768BAD</referredKeyID>
<mandatory>true</mandatory>
<refColNames>subject_id</refColNames>
<transferable>true</transferable>
<rely>false</rely>
<columnDependencyConstraintGenerateInDDL>true</columnDependencyConstraintGenerateInDDL>
</FKIndexAssociation>
