<?xml version = '1.0' encoding = 'UTF-8'?>
<FKIndexAssociation class="oracle.dbtools.crest.model.design.relational.FKIndexAssociation" directorySegmentName="seg_0" id="38CEDAE5-715E-0CB9-ED0C-4464580E4B7C" containerWithKeyObject="59E7E254-BE35-CDEA-8A9F-190447F7BE0B" localFKIndex="7DB181F2-3654-B80D-69CB-64FB101080B1" name="branch_bookcopy_fk">
<createdBy>thear</createdBy>
<createdTime>2024-09-18 02:55:11 UTC</createdTime>
<generatorID>DFDE39C5-9D80-2A98-0C19-63F29E550A4C</generatorID>
<ownerDesignName>rcl_logical</ownerDesignName>
<referredTableLongName>BRANCH</referredTableLongName>
<deleteRule>NO ACTION</deleteRule>
<referredTableID>AFF73A6D-CBB1-60E4-0B76-4E7823D26364</referredTableID>
<keyObject>3653CC5F-F4C9-2AD4-B505-05A9C9C3B170</keyObject>
<referredKeyID>3653CC5F-F4C9-2AD4-B505-05A9C9C3B170</referredKeyID>
<mandatory>true</mandatory>
<refColNames>branch_code</refColNames>
<transferable>true</transferable>
<rely>false</rely>
<columnDependencyConstraintGenerateInDDL>true</columnDependencyConstraintGenerateInDDL>
</FKIndexAssociation>
