<?xml version = '1.0' encoding = 'UTF-8'?>
<FKIndexAssociation class="oracle.dbtools.crest.model.design.relational.FKIndexAssociation" directorySegmentName="seg_0" id="38E7548C-E977-9FEF-B7E9-72CC9821428E" containerWithKeyObject="87917E49-A037-F71E-1E49-A755C79A4887" localFKIndex="2D8D3495-9E49-E20E-D6C8-4EB3A1C353B9" name="catauthor_author_fk">
<createdBy>thear</createdBy>
<createdTime>2024-09-18 02:55:11 UTC</createdTime>
<generatorID>C196DEAA-5016-9F21-DB30-C5F51C7EF77C</generatorID>
<ownerDesignName>rcl_logical</ownerDesignName>
<referredTableLongName>AUTHOR</referredTableLongName>
<deleteRule>NO ACTION</deleteRule>
<referredTableID>C6187850-10C1-B1BD-99C4-E2DDB5040872</referredTableID>
<keyObject>1CCFED3B-49EE-52D9-ACE0-6B932DE2E4A7</keyObject>
<referredKeyID>1CCFED3B-49EE-52D9-ACE0-6B932DE2E4A7</referredKeyID>
<mandatory>true</mandatory>
<refColNames>author_id</refColNames>
<transferable>true</transferable>
<rely>false</rely>
<columnDependencyConstraintGenerateInDDL>true</columnDependencyConstraintGenerateInDDL>
</FKIndexAssociation>
