<?xml version = '1.0' encoding = 'UTF-8'?>
<FKIndexAssociation class="oracle.dbtools.crest.model.design.relational.FKIndexAssociation" directorySegmentName="seg_0" id="5C3166B8-D391-D446-76CB-8FC8274DBF5F" containerWithKeyObject="87917E49-A037-F71E-1E49-A755C79A4887" localFKIndex="6241E4F0-5895-A94B-F3C7-35D6832FF015" name="cat_catauthor_fk">
<createdBy>thear</createdBy>
<createdTime>2024-09-18 02:55:11 UTC</createdTime>
<generatorID>44C25DC2-B070-2511-88E4-9168D3B46890</generatorID>
<ownerDesignName>rcl_logical</ownerDesignName>
<referredTableLongName>CATALOGUE</referredTableLongName>
<deleteRule>NO ACTION</deleteRule>
<referredTableID>101FE655-28D6-4BAC-3916-029D77E4AB08</referredTableID>
<keyObject>6EB720AF-248E-F02E-FA4A-08C3B3C7CB84</keyObject>
<referredKeyID>6EB720AF-248E-F02E-FA4A-08C3B3C7CB84</referredKeyID>
<mandatory>true</mandatory>
<refColNames>ctlg_call_no</refColNames>
<transferable>true</transferable>
<rely>false</rely>
<columnDependencyConstraintGenerateInDDL>true</columnDependencyConstraintGenerateInDDL>
</FKIndexAssociation>
