<?xml version = '1.0' encoding = 'UTF-8'?>
<FKIndexAssociation class="oracle.dbtools.crest.model.design.relational.FKIndexAssociation" directorySegmentName="seg_0" id="8D2B5208-3BA7-BA92-E144-77713B4DE92B" containerWithKeyObject="AFF73A6D-CBB1-60E4-0B76-4E7823D26364" localFKIndex="7A10DF87-561D-21F9-5136-57B1B488E866" name="lga_branch_fk">
<createdBy>thear</createdBy>
<createdTime>2024-09-18 02:55:11 UTC</createdTime>
<generatorID>B68C7429-9E22-D843-42A0-F1F3C4BCA19C</generatorID>
<ownerDesignName>rcl_logical</ownerDesignName>
<referredTableLongName>LGA</referredTableLongName>
<deleteRule>NO ACTION</deleteRule>
<referredTableID>BAFF8D82-95D0-206D-988D-166DF41A3081</referredTableID>
<keyObject>D138069D-ECDE-DA9A-5FD3-8C2A4545838B</keyObject>
<referredKeyID>D138069D-ECDE-DA9A-5FD3-8C2A4545838B</referredKeyID>
<mandatory>true</mandatory>
<refColNames>lga_code</refColNames>
<transferable>true</transferable>
<rely>false</rely>
<columnDependencyConstraintGenerateInDDL>true</columnDependencyConstraintGenerateInDDL>
</FKIndexAssociation>
