<?xml version = '1.0' encoding = 'UTF-8'?>
<FKIndexAssociation class="oracle.dbtools.crest.model.design.relational.FKIndexAssociation" directorySegmentName="seg_0" id="95D3869D-8B15-A22C-0DE7-533E3943BD89" containerWithKeyObject="63CDA3CE-5B0C-E2EF-D994-D7F04906BCE9" localFKIndex="80557ACB-3512-7215-0BAF-B6C90258337B" name="bookcopy_reservation_fk">
<createdBy>thear</createdBy>
<createdTime>2024-09-18 02:55:11 UTC</createdTime>
<generatorID>812C42C7-D752-D8CC-842D-90486DC603FE</generatorID>
<ownerDesignName>rcl_logical</ownerDesignName>
<referredTableLongName>BOOKCOPY</referredTableLongName>
<deleteRule>NO ACTION</deleteRule>
<referredTableID>59E7E254-BE35-CDEA-8A9F-190447F7BE0B</referredTableID>
<keyObject>784D5254-59C6-1EB5-EE32-B8D2008476B8</keyObject>
<referredKeyID>784D5254-59C6-1EB5-EE32-B8D2008476B8</referredKeyID>
<mandatory>true</mandatory>
<refColNames>branch_code,bookcopy_id</refColNames>
<transferable>true</transferable>
<rely>false</rely>
<columnDependencyConstraintGenerateInDDL>true</columnDependencyConstraintGenerateInDDL>
</FKIndexAssociation>
