<?xml version = '1.0' encoding = 'UTF-8'?>
<FKIndexAssociation class="oracle.dbtools.crest.model.design.relational.FKIndexAssociation" directorySegmentName="seg_0" id="96351548-E76C-C2BE-C8CC-EA4D0C6421D5" containerWithKeyObject="BF01E95F-DAB5-2FF9-2829-1B6450C80BA4" localFKIndex="8EC15D8A-AF99-6A58-3E2D-917EE5ECF8D6" name="bookcopy_loan_fk">
<createdBy>thear</createdBy>
<createdTime>2024-09-18 02:55:11 UTC</createdTime>
<generatorID>1A7A627A-C504-E840-C631-07A496BC95DA</generatorID>
<ownerDesignName>rcl_logical</ownerDesignName>
<referredTableLongName>BOOKCOPY</referredTableLongName>
<deleteRule>NO ACTION</deleteRule>
<referredTableID>59E7E254-BE35-CDEA-8A9F-190447F7BE0B</referredTableID>
<keyObject>784D5254-59C6-1EB5-EE32-B8D2008476B8</keyObject>
<referredKeyID>784D5254-59C6-1EB5-EE32-B8D2008476B8</referredKeyID>
<mandatory>true</mandatory>
<refColNames>branch_code,bookcopy_id</refColNames>
<transferable>true</transferable>
<rely>false</rely>
<columnDependencyConstraintGenerateInDDL>true</columnDependencyConstraintGenerateInDDL>
</FKIndexAssociation>
