<?xml version = '1.0' encoding = 'UTF-8'?>
<FKIndexAssociation class="oracle.dbtools.crest.model.design.relational.FKIndexAssociation" directorySegmentName="seg_0" id="ACF7D0E7-D0A7-FBA2-09D9-A5482ED75AD0" containerWithKeyObject="1AD4BC92-D893-A9AA-D700-C0777322DEB7" localFKIndex="D7A9B25D-2EB9-F558-3BDA-F0D18EF50F3C" name="manager_homebranch">
<createdBy>thear</createdBy>
<createdTime>2024-09-18 02:55:11 UTC</createdTime>
<generatorID>CBEE89D4-F834-ACA1-9248-BE2930DAE069</generatorID>
<ownerDesignName>rcl_logical</ownerDesignName>
<referredTableLongName>BRANCH</referredTableLongName>
<deleteRule>NO ACTION</deleteRule>
<referredTableID>AFF73A6D-CBB1-60E4-0B76-4E7823D26364</referredTableID>
<keyObject>3653CC5F-F4C9-2AD4-B505-05A9C9C3B170</keyObject>
<referredKeyID>3653CC5F-F4C9-2AD4-B505-05A9C9C3B170</referredKeyID>
<mandatory>true</mandatory>
<refColNames>branch_code</refColNames>
<transferable>true</transferable>
<rely>false</rely>
<columnDependencyConstraintGenerateInDDL>true</columnDependencyConstraintGenerateInDDL>
</FKIndexAssociation>
