<?xml version = '1.0' encoding = 'UTF-8'?>
<FKIndexAssociation class="oracle.dbtools.crest.model.design.relational.FKIndexAssociation" directorySegmentName="seg_0" id="C23E27C2-C3E7-8FAA-8B65-4DF071941D83" containerWithKeyObject="364B1D08-8489-29CA-6BCF-0BDB7453547A" localFKIndex="CE7FD516-881C-2245-D59E-5D66F1DFAC5E" name="catalogue_isbn_fk">
<createdBy>thear</createdBy>
<createdTime>2024-09-18 02:55:11 UTC</createdTime>
<generatorID>3BF1A21D-DC0F-0B7F-3BCA-10A9992BAFFE</generatorID>
<ownerDesignName>rcl_logical</ownerDesignName>
<referredTableLongName>CATALOGUE</referredTableLongName>
<deleteRule>NO ACTION</deleteRule>
<referredTableID>101FE655-28D6-4BAC-3916-029D77E4AB08</referredTableID>
<keyObject>6EB720AF-248E-F02E-FA4A-08C3B3C7CB84</keyObject>
<referredKeyID>6EB720AF-248E-F02E-FA4A-08C3B3C7CB84</referredKeyID>
<mandatory>true</mandatory>
<refColNames>ctlg_call_no</refColNames>
<transferable>true</transferable>
<rely>false</rely>
<columnDependencyConstraintGenerateInDDL>true</columnDependencyConstraintGenerateInDDL>
</FKIndexAssociation>
