<?xml version = '1.0' encoding = 'UTF-8'?>
<FKIndexAssociation class="oracle.dbtools.crest.model.design.relational.FKIndexAssociation" directorySegmentName="seg_0" id="C275CB20-3126-8499-BB38-8D916DFF2D55" containerWithKeyObject="60B241F5-4104-52DB-9F64-1504C04C3F04" localFKIndex="EB6D13C1-9D58-56A1-D540-AB160E00C6EB" name="borrower_homebranch_fk">
<createdBy>thear</createdBy>
<createdTime>2024-09-18 02:55:11 UTC</createdTime>
<generatorID>788BEA95-D665-F454-D644-ED1F881F7D7D</generatorID>
<ownerDesignName>rcl_logical</ownerDesignName>
<referredTableLongName>BRANCH</referredTableLongName>
<deleteRule>NO ACTION</deleteRule>
<referredTableID>AFF73A6D-CBB1-60E4-0B76-4E7823D26364</referredTableID>
<keyObject>3653CC5F-F4C9-2AD4-B505-05A9C9C3B170</keyObject>
<referredKeyID>3653CC5F-F4C9-2AD4-B505-05A9C9C3B170</referredKeyID>
<mandatory>true</mandatory>
<refColNames>branch_code</refColNames>
<transferable>true</transferable>
<rely>false</rely>
<columnDependencyConstraintGenerateInDDL>true</columnDependencyConstraintGenerateInDDL>
</FKIndexAssociation>
