<?xml version = '1.0' encoding = 'UTF-8'?>
<FKIndexAssociation class="oracle.dbtools.crest.model.design.relational.FKIndexAssociation" directorySegmentName="seg_0" id="CAD3BB8A-81D7-58A4-2343-A9E3F0280A0E" containerWithKeyObject="AFF73A6D-CBB1-60E4-0B76-4E7823D26364" localFKIndex="0230E985-E256-B7D7-3B39-DFB94A542C25" name="manager_branch_fk">
<createdBy>thear</createdBy>
<createdTime>2024-09-18 02:55:11 UTC</createdTime>
<generatorID>A4579089-0D44-40E5-EAC1-89C7B13DDF61</generatorID>
<ownerDesignName>rcl_logical</ownerDesignName>
<referredTableLongName>MANAGER</referredTableLongName>
<deleteRule>NO ACTION</deleteRule>
<referredTableID>1AD4BC92-D893-A9AA-D700-C0777322DEB7</referredTableID>
<keyObject>78839CA6-E414-1C37-C62B-7C86AE2ECFCB</keyObject>
<referredKeyID>78839CA6-E414-1C37-C62B-7C86AE2ECFCB</referredKeyID>
<mandatory>true</mandatory>
<refColNames>manager_id</refColNames>
<transferable>true</transferable>
<rely>false</rely>
<columnDependencyConstraintGenerateInDDL>true</columnDependencyConstraintGenerateInDDL>
</FKIndexAssociation>
