<?xml version = '1.0' encoding = 'UTF-8'?>
<FKIndexAssociation class="oracle.dbtools.crest.model.design.relational.FKIndexAssociation" directorySegmentName="seg_0" id="D92B1F87-D1BF-611D-1BBD-22B9B1FEF9BC" containerWithKeyObject="24658FAA-9C1B-6699-7347-595CADF54A83" localFKIndex="FDB394ED-7F77-06F7-6958-EA2A18CA38AC" name="cat_catsubject">
<createdBy>thear</createdBy>
<createdTime>2024-09-18 02:55:11 UTC</createdTime>
<generatorID>1D465740-AD78-7415-B32A-A3B98A8A9B55</generatorID>
<ownerDesignName>rcl_logical</ownerDesignName>
<referredTableLongName>CATALOGUE</referredTableLongName>
<deleteRule>NO ACTION</deleteRule>
<referredTableID>101FE655-28D6-4BAC-3916-029D77E4AB08</referredTableID>
<keyObject>6EB720AF-248E-F02E-FA4A-08C3B3C7CB84</keyObject>
<referredKeyID>6EB720AF-248E-F02E-FA4A-08C3B3C7CB84</referredKeyID>
<mandatory>true</mandatory>
<refColNames>ctlg_call_no</refColNames>
<transferable>true</transferable>
<rely>false</rely>
<columnDependencyConstraintGenerateInDDL>true</columnDependencyConstraintGenerateInDDL>
</FKIndexAssociation>
