<?xml version = '1.0' encoding = 'UTF-8'?>
<FKIndexAssociation class="oracle.dbtools.crest.model.design.relational.FKIndexAssociation" directorySegmentName="seg_0" id="D9CBB22A-D8FD-7F1F-2F78-916B8764C9A8" containerWithKeyObject="60B241F5-4104-52DB-9F64-1504C04C3F04" localFKIndex="FE9B13FC-CAC6-C439-0031-4D81C3E713B4" name="bclass_borrower_fk">
<createdBy>thear</createdBy>
<createdTime>2024-09-18 02:55:11 UTC</createdTime>
<generatorID>6AD8AEA6-EBF0-F7A3-6778-ED03EBF99580</generatorID>
<ownerDesignName>rcl_logical</ownerDesignName>
<referredTableLongName>BORROWER_CLASS</referredTableLongName>
<deleteRule>NO ACTION</deleteRule>
<referredTableID>1A2731E1-D0A1-BA48-FE8C-61685154756C</referredTableID>
<keyObject>5E024C9D-08BB-DE80-B18E-0E8CFA4CB180</keyObject>
<referredKeyID>5E024C9D-08BB-DE80-B18E-0E8CFA4CB180</referredKeyID>
<mandatory>true</mandatory>
<refColNames>borrower_class_id</refColNames>
<transferable>true</transferable>
<rely>false</rely>
<columnDependencyConstraintGenerateInDDL>true</columnDependencyConstraintGenerateInDDL>
</FKIndexAssociation>
