<?xml version = '1.0' encoding = 'UTF-8'?>
<FKIndexAssociation class="oracle.dbtools.crest.model.design.relational.FKIndexAssociation" directorySegmentName="seg_0" id="E255FC67-51DD-C983-08EC-503FC0FB264F" containerWithKeyObject="101FE655-28D6-4BAC-3916-029D77E4AB08" localFKIndex="A55853E8-8BBA-3DF7-BB54-220D82BC9794" name="publisher_catalogue_fk">
<createdBy>thear</createdBy>
<createdTime>2024-09-18 02:55:11 UTC</createdTime>
<generatorID>FC1A7AFB-4E90-B9B9-6259-131AAD1A8B78</generatorID>
<ownerDesignName>rcl_logical</ownerDesignName>
<referredTableLongName>PUBLISHER</referredTableLongName>
<deleteRule>NO ACTION</deleteRule>
<referredTableID>5BBC8CAB-8184-D2C9-3E13-BD3E042ECA55</referredTableID>
<keyObject>05C7D5F9-8863-7B53-07D6-A9EDD8C617BD</keyObject>
<referredKeyID>05C7D5F9-8863-7B53-07D6-A9EDD8C617BD</referredKeyID>
<mandatory>true</mandatory>
<refColNames>publisher_id</refColNames>
<transferable>true</transferable>
<rely>false</rely>
<columnDependencyConstraintGenerateInDDL>true</columnDependencyConstraintGenerateInDDL>
</FKIndexAssociation>
