<?xml version = '1.0' encoding = 'UTF-8'?>
<FKIndexAssociation class="oracle.dbtools.crest.model.design.relational.FKIndexAssociation" directorySegmentName="seg_0" id="EFFB9B6F-D83F-6CE0-A80F-376B585B64CB" containerWithKeyObject="BF01E95F-DAB5-2FF9-2829-1B6450C80BA4" localFKIndex="FAC28475-D395-70EC-E08C-D84E18AFBA1A" name="borrower_loan_fk">
<createdBy>thear</createdBy>
<createdTime>2024-09-18 02:55:11 UTC</createdTime>
<generatorID>4B8762BB-2AF4-DE9D-D2CB-4A859292CF70</generatorID>
<ownerDesignName>rcl_logical</ownerDesignName>
<referredTableLongName>BORROWER</referredTableLongName>
<deleteRule>NO ACTION</deleteRule>
<referredTableID>60B241F5-4104-52DB-9F64-1504C04C3F04</referredTableID>
<keyObject>892B52E1-4061-935E-204D-558FC7D41240</keyObject>
<referredKeyID>892B52E1-4061-935E-204D-558FC7D41240</referredKeyID>
<mandatory>true</mandatory>
<refColNames>borrower_no</refColNames>
<transferable>true</transferable>
<rely>false</rely>
<columnDependencyConstraintGenerateInDDL>true</columnDependencyConstraintGenerateInDDL>
</FKIndexAssociation>
