<?xml version = '1.0' encoding = 'UTF-8'?>
<FKIndexAssociation class="oracle.dbtools.crest.model.design.relational.FKIndexAssociation" directorySegmentName="seg_0" id="F1424156-36B3-FBD1-301D-70DAD334DC88" containerWithKeyObject="59E7E254-BE35-CDEA-8A9F-190447F7BE0B" localFKIndex="86BA8F93-D2A1-7CE9-F7BF-30E77F9F3FE4" name="isbn_bookcopy_fk">
<createdBy>thear</createdBy>
<createdTime>2024-09-18 02:55:11 UTC</createdTime>
<generatorID>A176F03B-C27A-06F2-80DE-F6EEFEA7D7FF</generatorID>
<ownerDesignName>rcl_logical</ownerDesignName>
<referredTableLongName>ISBN</referredTableLongName>
<deleteRule>NO ACTION</deleteRule>
<referredTableID>364B1D08-8489-29CA-6BCF-0BDB7453547A</referredTableID>
<keyObject>FEB10ED3-D793-7BFE-C5D3-46C7D6F76218</keyObject>
<referredKeyID>FEB10ED3-D793-7BFE-C5D3-46C7D6F76218</referredKeyID>
<mandatory>true</mandatory>
<refColNames>isbn_no</refColNames>
<transferable>true</transferable>
<rely>false</rely>
<columnDependencyConstraintGenerateInDDL>true</columnDependencyConstraintGenerateInDDL>
</FKIndexAssociation>
