<?xml version = '1.0' encoding = 'UTF-8'?>
<FKIndexAssociation class="oracle.dbtools.crest.model.design.relational.FKIndexAssociation" directorySegmentName="seg_0" id="FAD021D7-4471-8992-1643-F0BCA04A847B" containerWithKeyObject="63CDA3CE-5B0C-E2EF-D994-D7F04906BCE9" localFKIndex="F9A49367-F6DD-0D01-4FD1-10F63FFDCF0A" name="borrower_reservation_fk">
<createdBy>thear</createdBy>
<createdTime>2024-09-18 02:55:11 UTC</createdTime>
<generatorID>F3E1467E-A520-A303-FDCC-B1725FB4F2A4</generatorID>
<ownerDesignName>rcl_logical</ownerDesignName>
<referredTableLongName>BORROWER</referredTableLongName>
<deleteRule>NO ACTION</deleteRule>
<referredTableID>60B241F5-4104-52DB-9F64-1504C04C3F04</referredTableID>
<keyObject>892B52E1-4061-935E-204D-558FC7D41240</keyObject>
<referredKeyID>892B52E1-4061-935E-204D-558FC7D41240</referredKeyID>
<mandatory>true</mandatory>
<refColNames>borrower_no</refColNames>
<transferable>true</transferable>
<rely>false</rely>
<columnDependencyConstraintGenerateInDDL>true</columnDependencyConstraintGenerateInDDL>
</FKIndexAssociation>
